Log file open, 07/05/20 18:32:55
LogWindows: Failed to load 'aqProf.dll' (GetLastError=126)
LogWindows: File 'aqProf.dll' does not exist
LogWindows: Failed to load 'VtuneApi.dll' (GetLastError=126)
LogWindows: File 'VtuneApi.dll' does not exist
LogWindows: Failed to load 'VtuneApi32e.dll' (GetLastError=126)
LogWindows: File 'VtuneApi32e.dll' does not exist
LogConsoleResponse: Display: Failed to find resolution value strings in scalability ini. Falling back to default.
LogInit: Display: Running engine for game: sPawn
LogPlatformFile: Not using cached read wrapper
LogTaskGraph: Started task graph with 5 named threads and 35 total threads with 3 sets of task threads.
LogStats: Stats thread started at 0.065223
LogD3D11RHI: Loaded GFSDK_Aftermath_Lib.x64.dll
LogICUInternationalization: ICU TimeZone Detection - Raw Offset: +3:00, Platform Override: ''
LogPluginManager: Mounting plugin Paper2D
LogPluginManager: Mounting plugin AISupport
LogPluginManager: Mounting plugin LightPropagationVolume
LogPluginManager: Mounting plugin ActorLayerUtilities
LogPluginManager: Mounting plugin AnimationSharing
LogPluginManager: Mounting plugin CLionSourceCodeAccess
LogPluginManager: Mounting plugin CodeLiteSourceCodeAccess
LogPluginManager: Mounting plugin GitSourceControl
LogPluginManager: Mounting plugin KDevelopSourceCodeAccess
LogPluginManager: Mounting plugin NullSourceCodeAccess
LogPluginManager: Mounting plugin PerforceSourceControl
LogPluginManager: Mounting plugin SubversionSourceControl
LogPluginManager: Mounting plugin UObjectPlugin
LogPluginManager: Mounting plugin VisualStudioCodeSourceCodeAccess
LogPluginManager: Mounting plugin VisualStudioSourceCodeAccess
LogPluginManager: Mounting plugin XCodeSourceCodeAccess
LogPluginManager: Mounting plugin AssetManagerEditor
LogPluginManager: Mounting plugin CryptoKeys
LogPluginManager: Mounting plugin CurveEditorTools
LogPluginManager: Mounting plugin DataValidation
LogPluginManager: Mounting plugin FacialAnimation
LogPluginManager: Mounting plugin GameplayTagsEditor
LogPluginManager: Mounting plugin MacGraphicsSwitching
LogPluginManager: Mounting plugin MaterialAnalyzer
LogPluginManager: Mounting plugin MobileLauncherProfileWizard
LogPluginManager: Mounting plugin PluginBrowser
LogPluginManager: Mounting plugin SpeedTreeImporter
LogPluginManager: Mounting plugin DatasmithContent
LogPluginManager: Mounting plugin VariantManagerContent
LogPluginManager: Mounting plugin AlembicImporter
LogPluginManager: Mounting plugin AutomationUtils
LogPluginManager: Mounting plugin BackChannel
LogPluginManager: Mounting plugin CharacterAI
LogPluginManager: Mounting plugin GeometryCache
LogPluginManager: Mounting plugin HTML5Networking
LogPluginManager: Mounting plugin PlatformCrypto
LogPluginManager: Mounting plugin ProxyLODPlugin
LogPluginManager: Mounting plugin SkeletalReduction
LogPluginManager: Mounting plugin MagicLeap
LogPluginManager: Mounting plugin MagicLeapMedia
LogPluginManager: Mounting plugin AndroidMedia
LogPluginManager: Mounting plugin AvfMedia
LogPluginManager: Mounting plugin ImgMedia
LogPluginManager: Mounting plugin MediaCompositing
LogPluginManager: Mounting plugin MediaPlayerEditor
LogPluginManager: Mounting plugin WebMMedia
LogPluginManager: Mounting plugin WmfMedia
LogPluginManager: Mounting plugin TcpMessaging
LogPluginManager: Mounting plugin UdpMessaging
LogPluginManager: Mounting plugin ActorSequence
LogPluginManager: Mounting plugin LevelSequenceEditor
LogPluginManager: Mounting plugin MatineeToLevelSequence
LogPluginManager: Mounting plugin NetcodeUnitTest
LogPluginManager: Mounting plugin NUTUnrealEngine4
LogPluginManager: Mounting plugin OnlineSubsystemGooglePlay
LogPluginManager: Mounting plugin OnlineSubsystemIOS
LogPluginManager: Mounting plugin OnlineSubsystem
LogPluginManager: Mounting plugin OnlineSubsystemNull
LogPluginManager: Mounting plugin OnlineSubsystemUtils
LogPluginManager: Mounting plugin LauncherChunkInstaller
LogPluginManager: Mounting plugin AndroidDeviceProfileSelector
LogPluginManager: Mounting plugin AndroidMoviePlayer
LogPluginManager: Mounting plugin AndroidPermission
LogPluginManager: Mounting plugin AppleImageUtils
LogPluginManager: Mounting plugin AppleMoviePlayer
LogPluginManager: Mounting plugin ArchVisCharacter
LogPluginManager: Mounting plugin AudioCapture
LogPluginManager: Mounting plugin CableComponent
LogPluginManager: Mounting plugin CustomMeshComponent
LogPluginManager: Mounting plugin EditableMesh
LogPluginManager: Mounting plugin ExampleDeviceProfileSelector
LogPluginManager: Mounting plugin GoogleCloudMessaging
LogPluginManager: Mounting plugin IOSDeviceProfileSelector
LogPluginManager: Mounting plugin LinuxDeviceProfileSelector
LogPluginManager: Mounting plugin LocationServicesBPLibrary
LogPluginManager: Mounting plugin MobilePatchingUtils
LogPluginManager: Mounting plugin OculusVR
LogPluginManager: Mounting plugin PhysXVehicles
LogPluginManager: Mounting plugin ProceduralMeshComponent
LogPluginManager: Mounting plugin RuntimePhysXCooking
LogPluginManager: Mounting plugin SignificanceManager
LogPluginManager: Mounting plugin SteamVR
LogPluginManager: Mounting plugin WebMMoviePlayer
LogPluginManager: Mounting plugin WindowsMoviePlayer
LogPluginManager: Mounting plugin ScreenshotTools
LogPluginManager: Mounting plugin UnrealEnginePython
LogInit: Using libcurl 7.55.1-DEV
LogInit:  - built for x86_64-pc-win32
LogInit:  - supports SSL with OpenSSL/1.1.1
LogInit:  - supports HTTP deflate (compression) using libz 1.2.8
LogInit:  - other features:
LogInit:      CURL_VERSION_SSL
LogInit:      CURL_VERSION_LIBZ
LogInit:      CURL_VERSION_IPV6
LogInit:      CURL_VERSION_ASYNCHDNS
LogInit:      CURL_VERSION_LARGEFILE
LogInit:      CURL_VERSION_IDN
LogInit:  CurlRequestOptions (configurable via config and command line):
LogInit:  - bVerifyPeer = true  - Libcurl will verify peer certificate
LogInit:  - bUseHttpProxy = false  - Libcurl will NOT use HTTP proxy
LogInit:  - bDontReuseConnections = false  - Libcurl will reuse connections
LogInit:  - MaxHostConnections = 16  - Libcurl will limit the number of connections to a host
LogInit:  - LocalHostAddr = Default
LogInit:  - BufferSize = 65536
LogOnline: OSS: Creating online subsystem instance for: NULL
LogInit: WinSock: version 1.1 (2.2), MaxSocks=32767, MaxUdp=65467
LogInit: Build: ++UE4+Release-4.23-CL-9631420
LogInit: Engine Version: 4.23.1-9631420+++UE4+Release-4.23
LogInit: Compatible Engine Version: 4.23.0-8386587+++UE4+Release-4.23
LogInit: Net CL: 8386587
LogInit: OS: Windows 10 (Release 1909) (), CPU: AMD Ryzen 5 3600 6-Core Processor              , GPU: NVIDIA GeForce GTX 1660 SUPER
LogInit: Compiled (64-bit): Oct 18 2019 02:07:44
LogInit: Compiled with Visual C++: 19.16.27030.01
LogInit: Build Configuration: Development
LogInit: Branch Name: ++UE4+Release-4.23
LogInit: Command Line: 
LogInit: Base Directory: D:/Program Files/Epic Games/UE_4.23/Engine/Binaries/Win64/
LogInit: Installed Engine Build: 1
LogDevObjectVersion: Number of dev versions registered: 23
LogDevObjectVersion:   Dev-Blueprints (B0D832E4-1F89-4F0D-ACCF-7EB736FD4AA2): 10
LogDevObjectVersion:   Dev-Build (E1C64328-A22C-4D53-A36C-8E866417BD8C): 0
LogDevObjectVersion:   Dev-Core (375EC13C-06E4-48FB-B500-84F0262A717E): 3
LogDevObjectVersion:   Dev-Editor (E4B068ED-F494-42E9-A231-DA0B2E46BB41): 34
LogDevObjectVersion:   Dev-Framework (CFFC743F-43B0-4480-9391-14DF171D2073): 35
LogDevObjectVersion:   Dev-Mobile (B02B49B5-BB20-44E9-A304-32B752E40360): 2
LogDevObjectVersion:   Dev-Networking (A4E4105C-59A1-49B5-A7C5-40C4547EDFEE): 0
LogDevObjectVersion:   Dev-Online (39C831C9-5AE6-47DC-9A44-9C173E1C8E7C): 0
LogDevObjectVersion:   Dev-Physics (78F01B33-EBEA-4F98-B9B4-84EACCB95AA2): 0
LogDevObjectVersion:   Dev-Platform (6631380F-2D4D-43E0-8009-CF276956A95A): 0
LogDevObjectVersion:   Dev-Rendering (12F88B9F-8875-4AFC-A67C-D90C383ABD29): 31
LogDevObjectVersion:   Dev-Sequencer (7B5AE74C-D270-4C10-A958-57980B212A5A): 11
LogDevObjectVersion:   Dev-VR (D7296918-1DD6-4BDD-9DE2-64A83CC13884): 2
LogDevObjectVersion:   Dev-LoadTimes (C2A15278-BFE7-4AFE-6C17-90FF531DF755): 1
LogDevObjectVersion:   Private-Geometry (6EACA3D4-40EC-4CC1-B786-8BED09428FC5): 3
LogDevObjectVersion:   Dev-AnimPhys (29E575DD-E0A3-4627-9D10-D276232CDCEA): 17
LogDevObjectVersion:   Dev-Anim (AF43A65D-7FD3-4947-9873-3E8ED9C1BB05): 2
LogDevObjectVersion:   Dev-ReflectionCapture (6B266CEC-1EC7-4B8F-A30B-E4D90942FC07): 1
LogDevObjectVersion:   Dev-Automation (0DF73D61-A23F-47EA-B727-89E90C41499A): 1
LogDevObjectVersion:   FortniteMain (601D1886-AC64-4F84-AA16-D3DE0DEAC7D6): 27
LogDevObjectVersion:   Dev-Enterprise (9DFFBCD6-494F-0158-E221-12823C92A888): 6
LogDevObjectVersion:   Dev-Niagara (F2AED0AC-9AFE-416F-8664-AA7FFA26D6FC): 1
LogDevObjectVersion:   Dev-Destruction (174F1F0B-B4C6-45A5-B13F-2EE8D0FB917D): 9
LogInit: Presizing for max 16777216 objects, including 0 objects not considered by GC, pre-allocating 0 bytes for permanent pool.
LogInit: Object subsystem initialized
LogConfig: Setting CVar [[con.DebugEarlyDefault:1]]
LogConfig: Setting CVar [[r.setres:1280x720]]
[2020.07.05-15.32.55:167][  0]LogConfig: Setting CVar [[r.VSync:0]]
[2020.07.05-15.32.55:167][  0]LogConfig: Setting CVar [[r.RHICmdBypass:0]]
[2020.07.05-15.32.55:167][  0]LogConfig: Applying CVar settings from Section [/Script/Engine.RendererSettings] File [D:/Files/Documents/Unreal Projects/sPawn/Saved/Config/Windows/Engine.ini]
[2020.07.05-15.32.55:167][  0]LogConfig: Setting CVar [[r.GPUCrashDebugging:0]]
[2020.07.05-15.32.55:167][  0]LogConfig: Setting CVar [[r.MobileHDR:1]]
[2020.07.05-15.32.55:167][  0]LogConfig: Setting CVar [[r.Mobile.DisableVertexFog:1]]
[2020.07.05-15.32.55:167][  0]LogConfig: Setting CVar [[r.Shadow.CSM.MaxMobileCascades:2]]
[2020.07.05-15.32.55:167][  0]LogConfig: Setting CVar [[r.MobileMSAA:1]]
[2020.07.05-15.32.55:167][  0]LogConfig: Setting CVar [[r.Mobile.UseLegacyShadingModel:0]]
[2020.07.05-15.32.55:167][  0]LogConfig: Setting CVar [[r.Mobile.UseHWsRGBEncoding:0]]
[2020.07.05-15.32.55:167][  0]LogConfig: Setting CVar [[r.Mobile.AllowDitheredLODTransition:0]]
[2020.07.05-15.32.55:167][  0]LogConfig: Setting CVar [[r.Mobile.AllowSoftwareOcclusion:0]]
[2020.07.05-15.32.55:167][  0]LogConfig: Setting CVar [[r.DiscardUnusedQuality:0]]
[2020.07.05-15.32.55:167][  0]LogConfig: Setting CVar [[r.AllowOcclusionQueries:1]]
[2020.07.05-15.32.55:167][  0]LogConfig: Setting CVar [[r.MinScreenRadiusForLights:0.030000]]
[2020.07.05-15.32.55:167][  0]LogConfig: Setting CVar [[r.MinScreenRadiusForDepthPrepass:0.030000]]
[2020.07.05-15.32.55:167][  0]LogConfig: Setting CVar [[r.MinScreenRadiusForCSMDepth:0.010000]]
[2020.07.05-15.32.55:167][  0]LogConfig: Setting CVar [[r.PrecomputedVisibilityWarning:0]]
[2020.07.05-15.32.55:167][  0]LogConfig: Setting CVar [[r.TextureStreaming:1]]
[2020.07.05-15.32.55:167][  0]LogConfig: Setting CVar [[Compat.UseDXT5NormalMaps:0]]
[2020.07.05-15.32.55:167][  0]LogConfig: Setting CVar [[r.VirtualTextures:0]]
[2020.07.05-15.32.55:167][  0]LogConfig: Setting CVar [[r.VirtualTexturedLightmaps:0]]
[2020.07.05-15.32.55:167][  0]LogConfig: Setting CVar [[r.VT.TileSize:128]]
[2020.07.05-15.32.55:167][  0]LogConfig: Setting CVar [[r.VT.TileBorderSize:4]]
[2020.07.05-15.32.55:167][  0]LogConfig: Setting CVar [[r.vt.FeedbackFactor:16]]
[2020.07.05-15.32.55:167][  0]LogConfig: Setting CVar [[r.VT.EnableCompressZlib:1]]
[2020.07.05-15.32.55:167][  0]LogConfig: Setting CVar [[r.VT.EnableCompressCrunch:0]]
[2020.07.05-15.32.55:167][  0]LogConfig: Setting CVar [[r.ClearCoatNormal:0]]
[2020.07.05-15.32.55:167][  0]LogConfig: Setting CVar [[r.ReflectionCaptureResolution:128]]
[2020.07.05-15.32.55:167][  0]LogConfig: Setting CVar [[r.ReflectionEnvironmentLightmapMixBasedOnRoughness:1]]
[2020.07.05-15.32.55:167][  0]LogConfig: Setting CVar [[r.ForwardShading:0]]
[2020.07.05-15.32.55:167][  0]LogConfig: Setting CVar [[r.VertexFoggingForOpaque:1]]
[2020.07.05-15.32.55:167][  0]LogConfig: Setting CVar [[r.AllowStaticLighting:1]]
[2020.07.05-15.32.55:167][  0]LogConfig: Setting CVar [[r.NormalMapsForStaticLighting:0]]
[2020.07.05-15.32.55:167][  0]LogConfig: Setting CVar [[r.GenerateMeshDistanceFields:0]]
[2020.07.05-15.32.55:167][  0]LogConfig: Setting CVar [[r.DistanceFieldBuild.EightBit:0]]
[2020.07.05-15.32.55:167][  0]LogConfig: Setting CVar [[r.GenerateLandscapeGIData:0]]
[2020.07.05-15.32.55:167][  0]LogConfig: Setting CVar [[r.DistanceFieldBuild.Compress:0]]
[2020.07.05-15.32.55:167][  0]LogConfig: Setting CVar [[r.TessellationAdaptivePixelsPerTriangle:48.000000]]
[2020.07.05-15.32.55:167][  0]LogConfig: Setting CVar [[r.SeparateTranslucency:0]]
[2020.07.05-15.32.55:167][  0]LogConfig: Setting CVar [[r.TranslucentSortPolicy:0]]
[2020.07.05-15.32.55:167][  0]LogConfig: Setting CVar [[r.CustomDepth:1]]
[2020.07.05-15.32.55:167][  0]LogConfig: Setting CVar [[r.CustomDepthTemporalAAJitter:1]]
[2020.07.05-15.32.55:167][  0]LogConfig: Setting CVar [[r.PostProcessing.PropagateAlpha:0]]
[2020.07.05-15.32.55:167][  0]LogConfig: Setting CVar [[r.DefaultFeature.Bloom:1]]
[2020.07.05-15.32.55:167][  0]LogConfig: Setting CVar [[r.DefaultFeature.AmbientOcclusion:0]]
[2020.07.05-15.32.55:167][  0]LogConfig: Setting CVar [[r.DefaultFeature.AmbientOcclusionStaticFraction:1]]
[2020.07.05-15.32.55:167][  0]LogConfig: Setting CVar [[r.DefaultFeature.AutoExposure:0]]
[2020.07.05-15.32.55:167][  0]LogConfig: Setting CVar [[r.DefaultFeature.AutoExposure.Method:0]]
[2020.07.05-15.32.55:167][  0]LogConfig: Setting CVar [[r.DefaultFeature.AutoExposure.ExtendDefaultLuminanceRange:1]]
[2020.07.05-15.32.55:167][  0]LogConfig: Setting CVar [[r.UsePreExposure:1]]
[2020.07.05-15.32.55:167][  0]LogConfig: Setting CVar [[r.EyeAdaptation.EditorOnly:1]]
[2020.07.05-15.32.55:167][  0]LogConfig: Setting CVar [[r.DefaultFeature.MotionBlur:0]]
[2020.07.05-15.32.55:167][  0]LogConfig: Setting CVar [[r.DefaultFeature.LensFlare:0]]
[2020.07.05-15.32.55:167][  0]LogConfig: Setting CVar [[r.TemporalAA.Upsampling:0]]
[2020.07.05-15.32.55:167][  0]LogConfig: Setting CVar [[r.DefaultFeature.AntiAliasing:0]]
[2020.07.05-15.32.55:167][  0]LogConfig: Setting CVar [[r.DefaultFeature.LightUnits:1]]
[2020.07.05-15.32.55:167][  0]LogConfig: Setting CVar [[r.DefaultBackBufferPixelFormat:4]]
[2020.07.05-15.32.55:167][  0]LogConfig: Setting CVar [[r.Shadow.UnbuiltPreviewInGame:1]]
[2020.07.05-15.32.55:167][  0]LogConfig: Setting CVar [[r.StencilForLODDither:0]]
[2020.07.05-15.32.55:168][  0]LogConfig: Setting CVar [[r.EarlyZPass:3]]
[2020.07.05-15.32.55:168][  0]LogConfig: Setting CVar [[r.EarlyZPassOnlyMaterialMasking:0]]
[2020.07.05-15.32.55:168][  0]LogConfig: Setting CVar [[r.DBuffer:1]]
[2020.07.05-15.32.55:168][  0]LogConfig: Setting CVar [[r.ClearSceneMethod:1]]
[2020.07.05-15.32.55:168][  0]LogConfig: Setting CVar [[r.BasePassOutputsVelocity:0]]
[2020.07.05-15.32.55:168][  0]LogConfig: Setting CVar [[r.SelectiveBasePassOutputs:0]]
[2020.07.05-15.32.55:168][  0]LogConfig: Setting CVar [[fx.GPUSimulationTextureSizeX:1024]]
[2020.07.05-15.32.55:168][  0]LogConfig: Setting CVar [[fx.GPUSimulationTextureSizeY:1024]]
[2020.07.05-15.32.55:168][  0]LogConfig: Setting CVar [[r.AllowGlobalClipPlane:0]]
[2020.07.05-15.32.55:168][  0]LogConfig: Setting CVar [[r.GBufferFormat:1]]
[2020.07.05-15.32.55:168][  0]LogConfig: Setting CVar [[r.MorphTarget.Mode:1]]
[2020.07.05-15.32.55:168][  0]LogConfig: Setting CVar [[vr.InstancedStereo:0]]
[2020.07.05-15.32.55:168][  0]LogConfig: Setting CVar [[vr.MultiView:0]]
[2020.07.05-15.32.55:168][  0]LogConfig: Setting CVar [[vr.MobileMultiView:0]]
[2020.07.05-15.32.55:168][  0]LogConfig: Setting CVar [[vr.MobileMultiView.Direct:0]]
[2020.07.05-15.32.55:168][  0]LogConfig: Setting CVar [[vr.RoundRobinOcclusion:0]]
[2020.07.05-15.32.55:168][  0]LogConfig: Setting CVar [[vr.ODSCapture:0]]
[2020.07.05-15.32.55:168][  0]LogConfig: Setting CVar [[r.WireframeCullThreshold:5.000000]]
[2020.07.05-15.32.55:168][  0]LogConfig: Setting CVar [[r.RayTracing:0]]
[2020.07.05-15.32.55:168][  0]LogConfig: Setting CVar [[r.SupportStationarySkylight:1]]
[2020.07.05-15.32.55:168][  0]LogConfig: Setting CVar [[r.SupportLowQualityLightmaps:1]]
[2020.07.05-15.32.55:168][  0]LogConfig: Setting CVar [[r.SupportPointLightWholeSceneShadows:1]]
[2020.07.05-15.32.55:168][  0]LogConfig: Setting CVar [[r.SupportAtmosphericFog:1]]
[2020.07.05-15.32.55:168][  0]LogConfig: Setting CVar [[r.SkinCache.CompileShaders:0]]
[2020.07.05-15.32.55:168][  0]LogConfig: Setting CVar [[r.Mobile.EnableStaticAndCSMShadowReceivers:1]]
[2020.07.05-15.32.55:168][  0]LogConfig: Setting CVar [[r.Mobile.EnableMovableLightCSMShaderCulling:1]]
[2020.07.05-15.32.55:168][  0]LogConfig: Setting CVar [[r.Mobile.AllowDistanceFieldShadows:1]]
[2020.07.05-15.32.55:168][  0]LogConfig: Setting CVar [[r.Mobile.AllowMovableDirectionalLights:1]]
[2020.07.05-15.32.55:168][  0]LogConfig: Setting CVar [[r.MobileNumDynamicPointLights:4]]
[2020.07.05-15.32.55:168][  0]LogConfig: Setting CVar [[r.MobileDynamicPointLightsUseStaticBranch:1]]
[2020.07.05-15.32.55:168][  0]LogConfig: Setting CVar [[r.Mobile.EnableMovableSpotlights:0]]
[2020.07.05-15.32.55:168][  0]LogConfig: Setting CVar [[r.SkinCache.SceneMemoryLimitInMB:128.000000]]
[2020.07.05-15.32.55:168][  0]LogConfig: Setting CVar [[r.GPUSkin.Limit2BoneInfluences:0]]
[2020.07.05-15.32.55:168][  0]LogConfig: Setting CVar [[r.SupportDepthOnlyIndexBuffers:1]]
[2020.07.05-15.32.55:168][  0]LogConfig: Setting CVar [[r.SupportReversedIndexBuffers:1]]
[2020.07.05-15.32.55:168][  0]LogConfig: Setting CVar [[r.SupportMaterialLayers:0]]
[2020.07.05-15.32.55:168][  0]LogConfig: Applying CVar settings from Section [/Script/Engine.RendererOverrideSettings] File [D:/Files/Documents/Unreal Projects/sPawn/Saved/Config/Windows/Engine.ini]
[2020.07.05-15.32.55:168][  0]LogConfig: Applying CVar settings from Section [/Script/Engine.StreamingSettings] File [D:/Files/Documents/Unreal Projects/sPawn/Saved/Config/Windows/Engine.ini]
[2020.07.05-15.32.55:168][  0]LogConfig: Setting CVar [[s.MinBulkDataSizeForAsyncLoading:131072]]
[2020.07.05-15.32.55:168][  0]LogConfig: Setting CVar [[s.AsyncLoadingThreadEnabled:0]]
[2020.07.05-15.32.55:168][  0]LogConfig: Setting CVar [[s.EventDrivenLoaderEnabled:1]]
[2020.07.05-15.32.55:168][  0]LogConfig: Setting CVar [[s.WarnIfTimeLimitExceeded:0]]
[2020.07.05-15.32.55:168][  0]LogConfig: Setting CVar [[s.TimeLimitExceededMultiplier:1.5]]
[2020.07.05-15.32.55:168][  0]LogConfig: Setting CVar [[s.TimeLimitExceededMinTime:0.005]]
[2020.07.05-15.32.55:168][  0]LogConfig: Setting CVar [[s.UseBackgroundLevelStreaming:1]]
[2020.07.05-15.32.55:168][  0]LogConfig: Setting CVar [[s.PriorityAsyncLoadingExtraTime:15.0]]
[2020.07.05-15.32.55:168][  0]LogConfig: Setting CVar [[s.LevelStreamingActorsUpdateTimeLimit:5.0]]
[2020.07.05-15.32.55:168][  0]LogConfig: Setting CVar [[s.PriorityLevelStreamingActorsUpdateExtraTime:5.0]]
[2020.07.05-15.32.55:168][  0]LogConfig: Setting CVar [[s.LevelStreamingComponentsRegistrationGranularity:10]]
[2020.07.05-15.32.55:168][  0]LogConfig: Setting CVar [[s.UnregisterComponentsTimeLimit:1.0]]
[2020.07.05-15.32.55:168][  0]LogConfig: Setting CVar [[s.LevelStreamingComponentsUnregistrationGranularity:5]]
[2020.07.05-15.32.55:168][  0]LogConfig: Applying CVar settings from Section [/Script/Engine.GarbageCollectionSettings] File [D:/Files/Documents/Unreal Projects/sPawn/Saved/Config/Windows/Engine.ini]
[2020.07.05-15.32.55:168][  0]LogConfig: Setting CVar [[gc.MaxObjectsNotConsideredByGC:1]]
[2020.07.05-15.32.55:168][  0]LogConfig: Setting CVar [[gc.SizeOfPermanentObjectPool:0]]
[2020.07.05-15.32.55:168][  0]LogConfig: Setting CVar [[gc.FlushStreamingOnGC:0]]
[2020.07.05-15.32.55:168][  0]LogConfig: Setting CVar [[gc.NumRetriesBeforeForcingGC:10]]
[2020.07.05-15.32.55:168][  0]LogConfig: Setting CVar [[gc.AllowParallelGC:1]]
[2020.07.05-15.32.55:168][  0]LogConfig: Setting CVar [[gc.TimeBetweenPurgingPendingKillObjects:61.1]]
[2020.07.05-15.32.55:168][  0]LogConfig: Setting CVar [[gc.MaxObjectsInEditor:16777216]]
[2020.07.05-15.32.55:168][  0]LogConfig: Setting CVar [[gc.IncrementalBeginDestroyEnabled:1]]
[2020.07.05-15.32.55:168][  0]LogConfig: Setting CVar [[gc.CreateGCClusters:1]]
[2020.07.05-15.32.55:168][  0]LogConfig: Setting CVar [[gc.MinGCClusterSize:5]]
[2020.07.05-15.32.55:168][  0]LogConfig: Setting CVar [[gc.ActorClusteringEnabled:0]]
[2020.07.05-15.32.55:168][  0]LogConfig: Setting CVar [[gc.BlueprintClusteringEnabled:0]]
[2020.07.05-15.32.55:168][  0]LogConfig: Setting CVar [[gc.UseDisregardForGCOnDedicatedServers:0]]
[2020.07.05-15.32.55:168][  0]LogConfig: Applying CVar settings from Section [/Script/Engine.NetworkSettings] File [D:/Files/Documents/Unreal Projects/sPawn/Saved/Config/Windows/Engine.ini]
[2020.07.05-15.32.55:168][  0]LogConfig: Applying CVar settings from Section [/Script/UnrealEd.CookerSettings] File [D:/Files/Documents/Unreal Projects/sPawn/Saved/Config/Windows/Engine.ini]
[2020.07.05-15.32.55:170][  0]LogConfig: Applying CVar settings from Section [ViewDistanceQuality@3] File [D:/Files/Documents/Unreal Projects/sPawn/Saved/Config/Windows/Scalability.ini]
[2020.07.05-15.32.55:170][  0]LogConfig: Setting CVar [[r.SkeletalMeshLODBias:0]]
[2020.07.05-15.32.55:170][  0]LogConfig: Setting CVar [[r.ViewDistanceScale:1.0]]
[2020.07.05-15.32.55:170][  0]LogConfig: Applying CVar settings from Section [AntiAliasingQuality@3] File [D:/Files/Documents/Unreal Projects/sPawn/Saved/Config/Windows/Scalability.ini]
[2020.07.05-15.32.55:170][  0]LogConfig: Setting CVar [[r.PostProcessAAQuality:4]]
[2020.07.05-15.32.55:170][  0]LogConfig: Applying CVar settings from Section [ShadowQuality@3] File [D:/Files/Documents/Unreal Projects/sPawn/Saved/Config/Windows/Scalability.ini]
[2020.07.05-15.32.55:170][  0]LogConfig: Setting CVar [[r.LightFunctionQuality:1]]
[2020.07.05-15.32.55:170][  0]LogConfig: Setting CVar [[r.ShadowQuality:5]]
[2020.07.05-15.32.55:170][  0]LogConfig: Setting CVar [[r.Shadow.CSM.MaxCascades:10]]
[2020.07.05-15.32.55:170][  0]LogConfig: Setting CVar [[r.Shadow.MaxResolution:2048]]
[2020.07.05-15.32.55:170][  0]LogConfig: Setting CVar [[r.Shadow.MaxCSMResolution:2048]]
[2020.07.05-15.32.55:170][  0]LogConfig: Setting CVar [[r.Shadow.RadiusThreshold:0.01]]
[2020.07.05-15.32.55:170][  0]LogConfig: Setting CVar [[r.Shadow.DistanceScale:1.0]]
[2020.07.05-15.32.55:170][  0]LogConfig: Setting CVar [[r.Shadow.CSM.TransitionScale:1.0]]
[2020.07.05-15.32.55:170][  0]LogConfig: Setting CVar [[r.Shadow.PreShadowResolutionFactor:1.0]]
[2020.07.05-15.32.55:170][  0]LogConfig: Setting CVar [[r.DistanceFieldShadowing:1]]
[2020.07.05-15.32.55:170][  0]LogConfig: Setting CVar [[r.DistanceFieldAO:1]]
[2020.07.05-15.32.55:170][  0]LogConfig: Setting CVar [[r.AOQuality:2]]
[2020.07.05-15.32.55:170][  0]LogConfig: Setting CVar [[r.VolumetricFog:1]]
[2020.07.05-15.32.55:170][  0]LogConfig: Setting CVar [[r.VolumetricFog.GridPixelSize:8]]
[2020.07.05-15.32.55:170][  0]LogConfig: Setting CVar [[r.VolumetricFog.GridSizeZ:128]]
[2020.07.05-15.32.55:170][  0]LogConfig: Setting CVar [[r.VolumetricFog.HistoryMissSupersampleCount:4]]
[2020.07.05-15.32.55:170][  0]LogConfig: Setting CVar [[r.LightMaxDrawDistanceScale:1]]
[2020.07.05-15.32.55:170][  0]LogConfig: Setting CVar [[r.CapsuleShadows:1]]
[2020.07.05-15.32.55:170][  0]LogConfig: Applying CVar settings from Section [PostProcessQuality@3] File [D:/Files/Documents/Unreal Projects/sPawn/Saved/Config/Windows/Scalability.ini]
[2020.07.05-15.32.55:170][  0]LogConfig: Setting CVar [[r.MotionBlurQuality:4]]
[2020.07.05-15.32.55:170][  0]LogConfig: Setting CVar [[r.AmbientOcclusionMipLevelFactor:0.4]]
[2020.07.05-15.32.55:170][  0]LogConfig: Setting CVar [[r.AmbientOcclusionMaxQuality:100]]
[2020.07.05-15.32.55:170][  0]LogConfig: Setting CVar [[r.AmbientOcclusionLevels:-1]]
[2020.07.05-15.32.55:170][  0]LogConfig: Setting CVar [[r.AmbientOcclusionRadiusScale:1.0]]
[2020.07.05-15.32.55:170][  0]LogConfig: Setting CVar [[r.DepthOfFieldQuality:2]]
[2020.07.05-15.32.55:170][  0]LogConfig: Setting CVar [[r.RenderTargetPoolMin:400]]
[2020.07.05-15.32.55:170][  0]LogConfig: Setting CVar [[r.LensFlareQuality:2]]
[2020.07.05-15.32.55:170][  0]LogConfig: Setting CVar [[r.SceneColorFringeQuality:1]]
[2020.07.05-15.32.55:170][  0]LogConfig: Setting CVar [[r.EyeAdaptationQuality:2]]
[2020.07.05-15.32.55:170][  0]LogConfig: Setting CVar [[r.BloomQuality:5]]
[2020.07.05-15.32.55:170][  0]LogConfig: Setting CVar [[r.FastBlurThreshold:100]]
[2020.07.05-15.32.55:170][  0]LogConfig: Setting CVar [[r.Upscale.Quality:3]]
[2020.07.05-15.32.55:170][  0]LogConfig: Setting CVar [[r.Tonemapper.GrainQuantization:1]]
[2020.07.05-15.32.55:170][  0]LogConfig: Setting CVar [[r.LightShaftQuality:1]]
[2020.07.05-15.32.55:170][  0]LogConfig: Setting CVar [[r.Filter.SizeScale:1]]
[2020.07.05-15.32.55:170][  0]LogConfig: Setting CVar [[r.Tonemapper.Quality:5]]
[2020.07.05-15.32.55:170][  0]LogConfig: Setting CVar [[r.DOF.Gather.AccumulatorQuality:1        ; higher gathering accumulator quality]]
[2020.07.05-15.32.55:170][  0]LogConfig: Setting CVar [[r.DOF.Gather.PostfilterMethod:1          ; Median3x3 postfilering method]]
[2020.07.05-15.32.55:170][  0]LogConfig: Setting CVar [[r.DOF.Gather.EnableBokehSettings:0       ; no bokeh simulation when gathering]]
[2020.07.05-15.32.55:170][  0]LogConfig: Setting CVar [[r.DOF.Gather.RingCount:4                 ; medium number of samples when gathering]]
[2020.07.05-15.32.55:170][  0]LogConfig: Setting CVar [[r.DOF.Scatter.ForegroundCompositing:1    ; additive foreground scattering]]
[2020.07.05-15.32.55:170][  0]LogConfig: Setting CVar [[r.DOF.Scatter.BackgroundCompositing:2    ; additive background scattering]]
[2020.07.05-15.32.55:170][  0]LogConfig: Setting CVar [[r.DOF.Scatter.EnableBokehSettings:1      ; bokeh simulation when scattering]]
[2020.07.05-15.32.55:170][  0]LogConfig: Setting CVar [[r.DOF.Scatter.MaxSpriteRatio:0.1         ; only a maximum of 10% of scattered bokeh]]
[2020.07.05-15.32.55:170][  0]LogConfig: Setting CVar [[r.DOF.Recombine.Quality:1                ; cheap slight out of focus]]
[2020.07.05-15.32.55:170][  0]LogConfig: Setting CVar [[r.DOF.Recombine.EnableBokehSettings:0    ; no bokeh simulation on slight out of focus]]
[2020.07.05-15.32.55:171][  0]LogConfig: Setting CVar [[r.DOF.TemporalAAQuality:1                ; more stable temporal accumulation]]
[2020.07.05-15.32.55:171][  0]LogConfig: Setting CVar [[r.DOF.Kernel.MaxForegroundRadius:0.025]]
[2020.07.05-15.32.55:171][  0]LogConfig: Setting CVar [[r.DOF.Kernel.MaxBackgroundRadius:0.025]]
[2020.07.05-15.32.55:171][  0]LogConfig: Applying CVar settings from Section [TextureQuality@3] File [D:/Files/Documents/Unreal Projects/sPawn/Saved/Config/Windows/Scalability.ini]
[2020.07.05-15.32.55:171][  0]LogConfig: Setting CVar [[r.Streaming.MipBias:0]]
[2020.07.05-15.32.55:171][  0]LogConfig: Setting CVar [[r.Streaming.AmortizeCPUToGPUCopy:0]]
[2020.07.05-15.32.55:171][  0]LogConfig: Setting CVar [[r.Streaming.MaxNumTexturesToStreamPerFrame:0]]
[2020.07.05-15.32.55:171][  0]LogConfig: Setting CVar [[r.Streaming.Boost:1]]
[2020.07.05-15.32.55:171][  0]LogConfig: Setting CVar [[r.MaxAnisotropy:8]]
[2020.07.05-15.32.55:171][  0]LogConfig: Setting CVar [[r.Streaming.LimitPoolSizeToVRAM:0]]
[2020.07.05-15.32.55:171][  0]LogConfig: Setting CVar [[r.Streaming.PoolSize:1000]]
[2020.07.05-15.32.55:171][  0]LogConfig: Setting CVar [[r.Streaming.MaxEffectiveScreenSize:0]]
[2020.07.05-15.32.55:171][  0]LogConfig: Applying CVar settings from Section [EffectsQuality@3] File [D:/Files/Documents/Unreal Projects/sPawn/Saved/Config/Windows/Scalability.ini]
[2020.07.05-15.32.55:171][  0]LogConfig: Setting CVar [[r.TranslucencyLightingVolumeDim:64]]
[2020.07.05-15.32.55:171][  0]LogConfig: Setting CVar [[r.RefractionQuality:2]]
[2020.07.05-15.32.55:171][  0]LogConfig: Setting CVar [[r.SSR.Quality:3]]
[2020.07.05-15.32.55:171][  0]LogConfig: Setting CVar [[r.SceneColorFormat:4]]
[2020.07.05-15.32.55:171][  0]LogConfig: Setting CVar [[r.DetailMode:2]]
[2020.07.05-15.32.55:171][  0]LogConfig: Setting CVar [[r.TranslucencyVolumeBlur:1]]
[2020.07.05-15.32.55:171][  0]LogConfig: Setting CVar [[r.MaterialQualityLevel:1 ; High quality]]
[2020.07.05-15.32.55:171][  0]LogConfig: Setting CVar [[r.SSS.Scale:1]]
[2020.07.05-15.32.55:171][  0]LogConfig: Setting CVar [[r.SSS.SampleSet:2]]
[2020.07.05-15.32.55:171][  0]LogConfig: Setting CVar [[r.SSS.Quality:1]]
[2020.07.05-15.32.55:171][  0]LogConfig: Setting CVar [[r.SSS.HalfRes:1]]
[2020.07.05-15.32.55:171][  0]LogConfig: Setting CVar [[r.EmitterSpawnRateScale:1.0]]
[2020.07.05-15.32.55:171][  0]LogConfig: Setting CVar [[r.ParticleLightQuality:2]]
[2020.07.05-15.32.55:171][  0]LogConfig: Applying CVar settings from Section [FoliageQuality@3] File [D:/Files/Documents/Unreal Projects/sPawn/Saved/Config/Windows/Scalability.ini]
[2020.07.05-15.32.55:171][  0]LogConfig: Setting CVar [[foliage.DensityScale:1.0]]
[2020.07.05-15.32.55:171][  0]LogConfig: Setting CVar [[grass.DensityScale:1.0]]
[2020.07.05-15.32.55:171][  0]LogInit: Selected Device Profile: [Windows]
[2020.07.05-15.32.55:171][  0]LogInit: Applying CVar settings loaded from the selected device profile: [Windows]
[2020.07.05-15.32.55:173][  0]LogHAL: Display: Platform has ~ 16 GB [17126744064 / 17179869184 / 16], which maps to Larger [LargestMinGB=32, LargerMinGB=12, DefaultMinGB=8, SmallerMinGB=6, SmallestMinGB=0)
[2020.07.05-15.32.55:173][  0]LogInit: Going up to parent DeviceProfile []
[2020.07.05-15.32.55:173][  0]LogConfig: Applying CVar settings from Section [ViewDistanceQuality@3] File [D:/Files/Documents/Unreal Projects/sPawn/Saved/Config/Windows/Scalability.ini]
[2020.07.05-15.32.55:173][  0]LogConfig: Setting CVar [[r.SkeletalMeshLODBias:0]]
[2020.07.05-15.32.55:173][  0]LogConfig: Setting CVar [[r.ViewDistanceScale:1.0]]
[2020.07.05-15.32.55:173][  0]LogConfig: Applying CVar settings from Section [AntiAliasingQuality@3] File [D:/Files/Documents/Unreal Projects/sPawn/Saved/Config/Windows/Scalability.ini]
[2020.07.05-15.32.55:173][  0]LogConfig: Setting CVar [[r.PostProcessAAQuality:4]]
[2020.07.05-15.32.55:173][  0]LogConfig: Applying CVar settings from Section [ShadowQuality@3] File [D:/Files/Documents/Unreal Projects/sPawn/Saved/Config/Windows/Scalability.ini]
[2020.07.05-15.32.55:173][  0]LogConfig: Setting CVar [[r.LightFunctionQuality:1]]
[2020.07.05-15.32.55:173][  0]LogConfig: Setting CVar [[r.ShadowQuality:5]]
[2020.07.05-15.32.55:173][  0]LogConfig: Setting CVar [[r.Shadow.CSM.MaxCascades:10]]
[2020.07.05-15.32.55:173][  0]LogConfig: Setting CVar [[r.Shadow.MaxResolution:2048]]
[2020.07.05-15.32.55:173][  0]LogConfig: Setting CVar [[r.Shadow.MaxCSMResolution:2048]]
[2020.07.05-15.32.55:173][  0]LogConfig: Setting CVar [[r.Shadow.RadiusThreshold:0.01]]
[2020.07.05-15.32.55:173][  0]LogConfig: Setting CVar [[r.Shadow.DistanceScale:1.0]]
[2020.07.05-15.32.55:173][  0]LogConfig: Setting CVar [[r.Shadow.CSM.TransitionScale:1.0]]
[2020.07.05-15.32.55:173][  0]LogConfig: Setting CVar [[r.Shadow.PreShadowResolutionFactor:1.0]]
[2020.07.05-15.32.55:173][  0]LogConfig: Setting CVar [[r.DistanceFieldShadowing:1]]
[2020.07.05-15.32.55:173][  0]LogConfig: Setting CVar [[r.DistanceFieldAO:1]]
[2020.07.05-15.32.55:173][  0]LogConfig: Setting CVar [[r.AOQuality:2]]
[2020.07.05-15.32.55:173][  0]LogConfig: Setting CVar [[r.VolumetricFog:1]]
[2020.07.05-15.32.55:173][  0]LogConfig: Setting CVar [[r.VolumetricFog.GridPixelSize:8]]
[2020.07.05-15.32.55:173][  0]LogConfig: Setting CVar [[r.VolumetricFog.GridSizeZ:128]]
[2020.07.05-15.32.55:173][  0]LogConfig: Setting CVar [[r.VolumetricFog.HistoryMissSupersampleCount:4]]
[2020.07.05-15.32.55:173][  0]LogConfig: Setting CVar [[r.LightMaxDrawDistanceScale:1]]
[2020.07.05-15.32.55:173][  0]LogConfig: Setting CVar [[r.CapsuleShadows:1]]
[2020.07.05-15.32.55:173][  0]LogConfig: Applying CVar settings from Section [PostProcessQuality@3] File [D:/Files/Documents/Unreal Projects/sPawn/Saved/Config/Windows/Scalability.ini]
[2020.07.05-15.32.55:173][  0]LogConfig: Setting CVar [[r.MotionBlurQuality:4]]
[2020.07.05-15.32.55:173][  0]LogConfig: Setting CVar [[r.AmbientOcclusionMipLevelFactor:0.4]]
[2020.07.05-15.32.55:173][  0]LogConfig: Setting CVar [[r.AmbientOcclusionMaxQuality:100]]
[2020.07.05-15.32.55:173][  0]LogConfig: Setting CVar [[r.AmbientOcclusionLevels:-1]]
[2020.07.05-15.32.55:173][  0]LogConfig: Setting CVar [[r.AmbientOcclusionRadiusScale:1.0]]
[2020.07.05-15.32.55:173][  0]LogConfig: Setting CVar [[r.DepthOfFieldQuality:2]]
[2020.07.05-15.32.55:173][  0]LogConfig: Setting CVar [[r.RenderTargetPoolMin:400]]
[2020.07.05-15.32.55:173][  0]LogConfig: Setting CVar [[r.LensFlareQuality:2]]
[2020.07.05-15.32.55:173][  0]LogConfig: Setting CVar [[r.SceneColorFringeQuality:1]]
[2020.07.05-15.32.55:173][  0]LogConfig: Setting CVar [[r.EyeAdaptationQuality:2]]
[2020.07.05-15.32.55:173][  0]LogConfig: Setting CVar [[r.BloomQuality:5]]
[2020.07.05-15.32.55:173][  0]LogConfig: Setting CVar [[r.FastBlurThreshold:100]]
[2020.07.05-15.32.55:173][  0]LogConfig: Setting CVar [[r.Upscale.Quality:3]]
[2020.07.05-15.32.55:173][  0]LogConfig: Setting CVar [[r.Tonemapper.GrainQuantization:1]]
[2020.07.05-15.32.55:173][  0]LogConfig: Setting CVar [[r.LightShaftQuality:1]]
[2020.07.05-15.32.55:173][  0]LogConfig: Setting CVar [[r.Filter.SizeScale:1]]
[2020.07.05-15.32.55:173][  0]LogConfig: Setting CVar [[r.Tonemapper.Quality:5]]
[2020.07.05-15.32.55:173][  0]LogConfig: Setting CVar [[r.DOF.Gather.AccumulatorQuality:1        ; higher gathering accumulator quality]]
[2020.07.05-15.32.55:173][  0]LogConfig: Setting CVar [[r.DOF.Gather.PostfilterMethod:1          ; Median3x3 postfilering method]]
[2020.07.05-15.32.55:174][  0]LogConfig: Setting CVar [[r.DOF.Gather.EnableBokehSettings:0       ; no bokeh simulation when gathering]]
[2020.07.05-15.32.55:174][  0]LogConfig: Setting CVar [[r.DOF.Gather.RingCount:4                 ; medium number of samples when gathering]]
[2020.07.05-15.32.55:174][  0]LogConfig: Setting CVar [[r.DOF.Scatter.ForegroundCompositing:1    ; additive foreground scattering]]
[2020.07.05-15.32.55:174][  0]LogConfig: Setting CVar [[r.DOF.Scatter.BackgroundCompositing:2    ; additive background scattering]]
[2020.07.05-15.32.55:174][  0]LogConfig: Setting CVar [[r.DOF.Scatter.EnableBokehSettings:1      ; bokeh simulation when scattering]]
[2020.07.05-15.32.55:174][  0]LogConfig: Setting CVar [[r.DOF.Scatter.MaxSpriteRatio:0.1         ; only a maximum of 10% of scattered bokeh]]
[2020.07.05-15.32.55:174][  0]LogConfig: Setting CVar [[r.DOF.Recombine.Quality:1                ; cheap slight out of focus]]
[2020.07.05-15.32.55:174][  0]LogConfig: Setting CVar [[r.DOF.Recombine.EnableBokehSettings:0    ; no bokeh simulation on slight out of focus]]
[2020.07.05-15.32.55:174][  0]LogConfig: Setting CVar [[r.DOF.TemporalAAQuality:1                ; more stable temporal accumulation]]
[2020.07.05-15.32.55:174][  0]LogConfig: Setting CVar [[r.DOF.Kernel.MaxForegroundRadius:0.025]]
[2020.07.05-15.32.55:174][  0]LogConfig: Setting CVar [[r.DOF.Kernel.MaxBackgroundRadius:0.025]]
[2020.07.05-15.32.55:174][  0]LogConfig: Applying CVar settings from Section [TextureQuality@3] File [D:/Files/Documents/Unreal Projects/sPawn/Saved/Config/Windows/Scalability.ini]
[2020.07.05-15.32.55:174][  0]LogConfig: Setting CVar [[r.Streaming.MipBias:0]]
[2020.07.05-15.32.55:174][  0]LogConfig: Setting CVar [[r.Streaming.AmortizeCPUToGPUCopy:0]]
[2020.07.05-15.32.55:174][  0]LogConfig: Setting CVar [[r.Streaming.MaxNumTexturesToStreamPerFrame:0]]
[2020.07.05-15.32.55:174][  0]LogConfig: Setting CVar [[r.Streaming.Boost:1]]
[2020.07.05-15.32.55:174][  0]LogConfig: Setting CVar [[r.MaxAnisotropy:8]]
[2020.07.05-15.32.55:174][  0]LogConfig: Setting CVar [[r.Streaming.LimitPoolSizeToVRAM:0]]
[2020.07.05-15.32.55:174][  0]LogConfig: Setting CVar [[r.Streaming.PoolSize:1000]]
[2020.07.05-15.32.55:174][  0]LogConfig: Setting CVar [[r.Streaming.MaxEffectiveScreenSize:0]]
[2020.07.05-15.32.55:174][  0]LogConfig: Applying CVar settings from Section [EffectsQuality@3] File [D:/Files/Documents/Unreal Projects/sPawn/Saved/Config/Windows/Scalability.ini]
[2020.07.05-15.32.55:174][  0]LogConfig: Setting CVar [[r.TranslucencyLightingVolumeDim:64]]
[2020.07.05-15.32.55:174][  0]LogConfig: Setting CVar [[r.RefractionQuality:2]]
[2020.07.05-15.32.55:174][  0]LogConfig: Setting CVar [[r.SSR.Quality:3]]
[2020.07.05-15.32.55:174][  0]LogConfig: Setting CVar [[r.SceneColorFormat:4]]
[2020.07.05-15.32.55:174][  0]LogConfig: Setting CVar [[r.DetailMode:2]]
[2020.07.05-15.32.55:174][  0]LogConfig: Setting CVar [[r.TranslucencyVolumeBlur:1]]
[2020.07.05-15.32.55:174][  0]LogConfig: Setting CVar [[r.MaterialQualityLevel:1 ; High quality]]
[2020.07.05-15.32.55:174][  0]LogConfig: Setting CVar [[r.SSS.Scale:1]]
[2020.07.05-15.32.55:174][  0]LogConfig: Setting CVar [[r.SSS.SampleSet:2]]
[2020.07.05-15.32.55:174][  0]LogConfig: Setting CVar [[r.SSS.Quality:1]]
[2020.07.05-15.32.55:174][  0]LogConfig: Setting CVar [[r.SSS.HalfRes:1]]
[2020.07.05-15.32.55:174][  0]LogConfig: Setting CVar [[r.EmitterSpawnRateScale:1.0]]
[2020.07.05-15.32.55:174][  0]LogConfig: Setting CVar [[r.ParticleLightQuality:2]]
[2020.07.05-15.32.55:174][  0]LogConfig: Applying CVar settings from Section [FoliageQuality@3] File [D:/Files/Documents/Unreal Projects/sPawn/Saved/Config/Windows/Scalability.ini]
[2020.07.05-15.32.55:174][  0]LogConfig: Setting CVar [[foliage.DensityScale:1.0]]
[2020.07.05-15.32.55:174][  0]LogConfig: Setting CVar [[grass.DensityScale:1.0]]
[2020.07.05-15.32.55:174][  0]LogConfig: Applying CVar settings from Section [Startup] File [../../../Engine/Config/ConsoleVariables.ini]
[2020.07.05-15.32.55:174][  0]LogConfig: Setting CVar [[net.UseAdaptiveNetUpdateFrequency:0]]
[2020.07.05-15.32.55:174][  0]LogConfig: Setting CVar [[p.chaos.AllowCreatePhysxBodies:1]]
[2020.07.05-15.32.55:174][  0]LogConfig: Applying CVar settings from Section [ConsoleVariables] File [D:/Files/Documents/Unreal Projects/sPawn/Saved/Config/Windows/Engine.ini]
[2020.07.05-15.32.55:174][  0]LogInit: Computer: PAKERY
[2020.07.05-15.32.55:174][  0]LogInit: User: kniaz
[2020.07.05-15.32.55:174][  0]LogInit: CPU Page size=4096, Cores=6
[2020.07.05-15.32.55:174][  0]LogInit: High frequency timer resolution =10.000000 MHz
[2020.07.05-15.32.55:174][  0]LogMemory: Memory total: Physical=16.0GB (16GB approx)
[2020.07.05-15.32.55:174][  0]LogMemory: Platform Memory Stats for Windows
[2020.07.05-15.32.55:174][  0]LogMemory: Process Physical Memory: 100.93 MB used, 100.93 MB peak
[2020.07.05-15.32.55:174][  0]LogMemory: Process Virtual Memory: 89.54 MB used, 89.54 MB peak
[2020.07.05-15.32.55:174][  0]LogMemory: Physical Memory: 7413.33 MB used,  8920.00 MB free, 16333.34 MB total
[2020.07.05-15.32.55:174][  0]LogMemory: Virtual Memory: 4674.78 MB used,  134213056.00 MB free, 134217728.00 MB total
[2020.07.05-15.32.55:345][  0]LogWindows: WindowsPlatformFeatures enabled
[2020.07.05-15.32.55:380][  0]LogInit: Using OS detected language (ru-RU).
[2020.07.05-15.32.55:380][  0]LogInit: Using OS detected locale (ru-RU).
[2020.07.05-15.32.55:380][  0]LogTextLocalizationManager: No specific localization for 'ru-RU' exists, so the 'ru' localization will be used.
[2020.07.05-15.32.55:380][  0]LogTextLocalizationResource: LocRes '../../../Engine/Content/Localization/Editor/ru/Editor.locres' could not be opened for reading!
[2020.07.05-15.32.55:381][  0]LogTextLocalizationResource: LocRes '../../../Engine/Content/Localization/EditorTutorials/ru/EditorTutorials.locres' could not be opened for reading!
[2020.07.05-15.32.55:381][  0]LogTextLocalizationResource: LocRes '../../../Engine/Content/Localization/Keywords/ru/Keywords.locres' could not be opened for reading!
[2020.07.05-15.32.55:381][  0]LogTextLocalizationResource: LocRes '../../../Engine/Content/Localization/Category/ru/Category.locres' could not be opened for reading!
[2020.07.05-15.32.55:381][  0]LogTextLocalizationResource: LocRes '../../../Engine/Content/Localization/ToolTips/ru/ToolTips.locres' could not be opened for reading!
[2020.07.05-15.32.55:381][  0]LogTextLocalizationResource: LocRes '../../../Engine/Content/Localization/PropertyNames/ru/PropertyNames.locres' could not be opened for reading!
[2020.07.05-15.32.55:381][  0]LogTextLocalizationResource: LocRes '../../../Engine/Content/Localization/Engine/ru/Engine.locres' could not be opened for reading!
[2020.07.05-15.32.55:382][  0]LogInit: Setting process to per monitor DPI aware
[2020.07.05-15.32.55:414][  0]LogSlate: New Slate User Created.  User Index 0, Is Virtual User: 0
[2020.07.05-15.32.55:414][  0]LogSlate: Slate User Registered.  User Index 0, Is Virtual User: 0
[2020.07.05-15.32.55:545][  0]LogHMD: Failed to initialize OpenVR with code 110
[2020.07.05-15.32.55:545][  0]LogD3D11RHI: D3D11 adapters:
[2020.07.05-15.32.55:618][  0]LogD3D11RHI:    0. 'NVIDIA GeForce GTX 1660 SUPER' (Feature Level 11_0)
[2020.07.05-15.32.55:618][  0]LogD3D11RHI:       5991/0/8166 MB DedicatedVideo/DedicatedSystem/SharedSystem, Outputs:1, VendorId:0x10de
[2020.07.05-15.32.55:620][  0]LogD3D11RHI:    1. 'Microsoft Basic Render Driver' (Feature Level 11_0)
[2020.07.05-15.32.55:620][  0]LogD3D11RHI:       0/0/8166 MB DedicatedVideo/DedicatedSystem/SharedSystem, Outputs:0, VendorId:0x1414
[2020.07.05-15.32.55:620][  0]LogD3D11RHI: Chosen D3D11 Adapter: 0
[2020.07.05-15.32.55:627][  0]LogD3D11RHI: Creating new Direct3DDevice
[2020.07.05-15.32.55:627][  0]LogD3D11RHI:     GPU DeviceId: 0x21c4 (for the marketing name, search the web for "GPU Device Id")
[2020.07.05-15.32.55:627][  0]LogWindows: EnumDisplayDevices:
[2020.07.05-15.32.55:627][  0]LogWindows:    0. 'NVIDIA GeForce GTX 1660 SUPER' (P:1 D:1)
[2020.07.05-15.32.55:628][  0]LogWindows:    1. 'NVIDIA GeForce GTX 1660 SUPER' (P:0 D:0)
[2020.07.05-15.32.55:628][  0]LogWindows:    2. 'NVIDIA GeForce GTX 1660 SUPER' (P:0 D:0)
[2020.07.05-15.32.55:628][  0]LogWindows:    3. 'NVIDIA GeForce GTX 1660 SUPER' (P:0 D:0)
[2020.07.05-15.32.55:628][  0]LogWindows: DebugString: FoundDriverCount:4 
[2020.07.05-15.32.55:628][  0]LogD3D11RHI:     Adapter Name: NVIDIA GeForce GTX 1660 SUPER
[2020.07.05-15.32.55:628][  0]LogD3D11RHI:   Driver Version: 451.22 (internal:27.21.14.5122, unified:451.22)
[2020.07.05-15.32.55:628][  0]LogD3D11RHI:      Driver Date: 6-2-2020
[2020.07.05-15.32.55:628][  0]LogRHI: Texture pool is 4193 MB (70% of 5991 MB)
[2020.07.05-15.32.55:675][  0]LogD3D11RHI: Async texture creation enabled
[2020.07.05-15.32.55:753][  0]LogD3D11RHI: GPU Timing Frequency: 1000.000000 (Debug: 2 1)
[2020.07.05-15.32.55:975][  0]LogTemp: Display: Module 'AllDesktopTargetPlatform' loaded TargetPlatform 'AllDesktop'
[2020.07.05-15.32.55:983][  0]LogTemp: Display: Module 'MacClientTargetPlatform' loaded TargetPlatform 'MacClient'
[2020.07.05-15.32.55:990][  0]LogTemp: Display: Module 'MacNoEditorTargetPlatform' loaded TargetPlatform 'MacNoEditor'
[2020.07.05-15.32.55:998][  0]LogTemp: Display: Module 'MacServerTargetPlatform' loaded TargetPlatform 'MacServer'
[2020.07.05-15.32.56:005][  0]LogTemp: Display: Module 'MacTargetPlatform' loaded TargetPlatform 'Mac'
[2020.07.05-15.32.56:012][  0]LogTemp: Display: Module 'WindowsClientTargetPlatform' loaded TargetPlatform 'WindowsClient'
[2020.07.05-15.32.56:019][  0]LogTemp: Display: Module 'WindowsNoEditorTargetPlatform' loaded TargetPlatform 'WindowsNoEditor'
[2020.07.05-15.32.56:026][  0]LogTemp: Display: Module 'WindowsServerTargetPlatform' loaded TargetPlatform 'WindowsServer'
[2020.07.05-15.32.56:029][  0]LogTemp: Display: Module 'WindowsTargetPlatform' loaded TargetPlatform 'Windows'
[2020.07.05-15.32.56:056][  0]LogTemp: Display: Module 'AndroidTargetPlatform' loaded TargetPlatform 'Android'
[2020.07.05-15.32.56:056][  0]LogTemp: Display: Module 'AndroidTargetPlatform' loaded TargetPlatform 'Android_ASTC'
[2020.07.05-15.32.56:056][  0]LogTemp: Display: Module 'AndroidTargetPlatform' loaded TargetPlatform 'Android_ATC'
[2020.07.05-15.32.56:056][  0]LogTemp: Display: Module 'AndroidTargetPlatform' loaded TargetPlatform 'Android_DXT'
[2020.07.05-15.32.56:057][  0]LogTemp: Display: Module 'AndroidTargetPlatform' loaded TargetPlatform 'Android_ETC1'
[2020.07.05-15.32.56:057][  0]LogTemp: Display: Module 'AndroidTargetPlatform' loaded TargetPlatform 'Android_ETC1a'
[2020.07.05-15.32.56:057][  0]LogTemp: Display: Module 'AndroidTargetPlatform' loaded TargetPlatform 'Android_ETC2'
[2020.07.05-15.32.56:057][  0]LogTemp: Display: Module 'AndroidTargetPlatform' loaded TargetPlatform 'Android_PVRTC'
[2020.07.05-15.32.56:057][  0]LogTemp: Display: Module 'AndroidTargetPlatform' loaded TargetPlatform 'AndroidClient'
[2020.07.05-15.32.56:057][  0]LogTemp: Display: Module 'AndroidTargetPlatform' loaded TargetPlatform 'Android_ASTCClient'
[2020.07.05-15.32.56:057][  0]LogTemp: Display: Module 'AndroidTargetPlatform' loaded TargetPlatform 'Android_ATCClient'
[2020.07.05-15.32.56:057][  0]LogTemp: Display: Module 'AndroidTargetPlatform' loaded TargetPlatform 'Android_DXTClient'
[2020.07.05-15.32.56:057][  0]LogTemp: Display: Module 'AndroidTargetPlatform' loaded TargetPlatform 'Android_ETC1Client'
[2020.07.05-15.32.56:057][  0]LogTemp: Display: Module 'AndroidTargetPlatform' loaded TargetPlatform 'Android_ETC1aClient'
[2020.07.05-15.32.56:057][  0]LogTemp: Display: Module 'AndroidTargetPlatform' loaded TargetPlatform 'Android_ETC2Client'
[2020.07.05-15.32.56:057][  0]LogTemp: Display: Module 'AndroidTargetPlatform' loaded TargetPlatform 'Android_PVRTCClient'
[2020.07.05-15.32.56:057][  0]LogTemp: Display: Module 'AndroidTargetPlatform' loaded TargetPlatform 'Android_Multi'
[2020.07.05-15.32.56:057][  0]LogTemp: Display: Module 'AndroidTargetPlatform' loaded TargetPlatform 'Android_MultiClient'
[2020.07.05-15.32.56:058][  0]LogTemp: Display: Module 'HTML5TargetPlatform' loaded TargetPlatform 'HTML5'
[2020.07.05-15.32.56:072][  0]LogTemp: Display: Module 'IOSTargetPlatform' loaded TargetPlatform 'IOSClient'
[2020.07.05-15.32.56:072][  0]LogTemp: Display: Module 'IOSTargetPlatform' loaded TargetPlatform 'IOS'
[2020.07.05-15.32.56:084][  0]LogTemp: Display: Module 'TVOSTargetPlatform' loaded TargetPlatform 'TVOSClient'
[2020.07.05-15.32.56:084][  0]LogTemp: Display: Module 'TVOSTargetPlatform' loaded TargetPlatform 'TVOS'
[2020.07.05-15.32.56:089][  0]LogTemp: Display: Module 'LinuxClientTargetPlatform' loaded TargetPlatform 'LinuxClient'
[2020.07.05-15.32.56:095][  0]LogTemp: Display: Module 'LinuxNoEditorTargetPlatform' loaded TargetPlatform 'LinuxNoEditor'
[2020.07.05-15.32.56:100][  0]LogTemp: Display: Module 'LinuxServerTargetPlatform' loaded TargetPlatform 'LinuxServer'
[2020.07.05-15.32.56:106][  0]LogTemp: Display: Module 'LinuxTargetPlatform' loaded TargetPlatform 'Linux'
[2020.07.05-15.32.56:126][  0]LogTemp: Display: Module 'LuminTargetPlatform' loaded TargetPlatform 'Lumin'
[2020.07.05-15.32.56:126][  0]LogTemp: Display: Module 'LuminTargetPlatform' loaded TargetPlatform 'LuminClient'
[2020.07.05-15.32.56:126][  0]LogTargetPlatformManager: Display: Building Assets For Windows
[2020.07.05-15.32.56:134][  0]LogAudioDebug: Display: Lib vorbis DLL was dynamically loaded.
[2020.07.05-15.32.56:173][  0]LogShaderCompilers: Guid format shader working directory is -10 characters bigger than the processId version (../../../../../../Files/Documents/Unreal Projects/sPawn/Intermediate/Shaders/WorkingDirectory/10996/).
[2020.07.05-15.32.56:173][  0]LogShaderCompilers: Cleaned the shader compiler working directory 'C:/Users/kniaz/AppData/Local/Temp/UnrealShaderWorkingDir/E37080254ECC30D0CD35548C19B5353F/'.
[2020.07.05-15.32.56:175][  0]LogXGEController: Cannot use XGE Controller as Incredibuild is not installed on this machine.
[2020.07.05-15.32.56:175][  0]LogShaderCompilers: Cannot use XGE Shader Compiler as Incredibuild is not installed on this machine.
[2020.07.05-15.32.56:175][  0]LogShaderCompilers: Display: Using Local Shader Compiler.
[2020.07.05-15.32.56:714][  0]LogDerivedDataCache: Display: Max Cache Size: 512 MB
[2020.07.05-15.32.56:751][  0]LogDerivedDataCache: Loaded boot cache 0.04s 73MB C:/Users/kniaz/AppData/Local/UnrealEngine/4.23/DerivedDataCache/Boot.ddc.
[2020.07.05-15.32.56:751][  0]LogDerivedDataCache: Display: Loaded Boot cache: C:/Users/kniaz/AppData/Local/UnrealEngine/4.23/DerivedDataCache/Boot.ddc
[2020.07.05-15.32.56:751][  0]LogDerivedDataCache: FDerivedDataBackendGraph:  Pak pak cache file ../../../../../../Files/Documents/Unreal Projects/sPawn/DerivedDataCache/DDC.ddp not found, will not use a pak cache.
[2020.07.05-15.32.56:751][  0]LogDerivedDataCache: Unable to find inner node Pak for hierarchical cache Hierarchy.
[2020.07.05-15.32.56:751][  0]LogDerivedDataCache: FDerivedDataBackendGraph:  CompressedPak pak cache file ../../../../../../Files/Documents/Unreal Projects/sPawn/DerivedDataCache/Compressed.ddp not found, will not use a pak cache.
[2020.07.05-15.32.56:751][  0]LogDerivedDataCache: Unable to find inner node CompressedPak for hierarchical cache Hierarchy.
[2020.07.05-15.32.56:762][  0]LogDerivedDataCache: Display: Pak cache opened for reading ../../../Engine/DerivedDataCache/Compressed.ddp.
[2020.07.05-15.32.56:762][  0]LogDerivedDataCache: FDerivedDataBackendGraph:  EnterprisePak pak cache file ../../../Enterprise/DerivedDataCache/Compressed.ddp not found, will not use a pak cache.
[2020.07.05-15.32.56:762][  0]LogDerivedDataCache: Unable to find inner node EnterprisePak for hierarchical cache Hierarchy.
[2020.07.05-15.32.56:763][  0]LogDerivedDataCache: Using Local data cache path C:/Users/kniaz/AppData/Local/UnrealEngine/Common/DerivedDataCache: Writable
[2020.07.05-15.32.56:763][  0]LogDerivedDataCache: Shared data cache path not found in *engine.ini, will not use an Shared cache.
[2020.07.05-15.32.56:763][  0]LogDerivedDataCache: Unable to find inner node Shared for hierarchical cache Hierarchy.
[2020.07.05-15.32.56:781][  0]LogMaterial: Verifying Global Shaders for PCD3D_SM5
[2020.07.05-15.32.56:784][  0]LogSlate: Using FreeType 2.6.0
[2020.07.05-15.32.56:784][  0]LogSlate: SlateFontServices - WITH_FREETYPE: 1, WITH_HARFBUZZ: 1
[2020.07.05-15.32.56:839][  0]LogAssetRegistry: FAssetRegistry took 0.0021 seconds to start up
[2020.07.05-15.32.57:060][  0]LogInit: Selected Device Profile: [Windows]
[2020.07.05-15.32.57:175][  0]LogMeshReduction: Using QuadricMeshReduction for automatic static mesh reduction
[2020.07.05-15.32.57:175][  0]LogMeshReduction: Using SimplygonMeshReduction for automatic skeletal mesh reduction
[2020.07.05-15.32.57:175][  0]LogMeshReduction: Using ProxyLODMeshReduction for automatic mesh merging
[2020.07.05-15.32.57:175][  0]LogMeshReduction: No distributed automatic mesh merging module available
[2020.07.05-15.32.57:175][  0]LogMeshMerging: No distributed automatic mesh merging module available
[2020.07.05-15.32.57:183][  0]LogNetVersion: sPawn 1.0.0, NetCL: 8386587, EngineNetVer: 11, GameNetVer: 0 (Checksum: 1242587548)
[2020.07.05-15.32.57:527][  0]LogPackageLocalizationCache: Processed 13 localized package path(s) for 1 prioritized culture(s) in 0.043073 seconds
[2020.07.05-15.32.57:533][  0]LogUObjectArray: 43444 objects as part of root set at end of initial load.
[2020.07.05-15.32.57:534][  0]LogUObjectAllocator: 7548648 out of 0 bytes used by permanent object pool.
[2020.07.05-15.32.57:534][  0]LogUObjectArray: CloseDisregardForGC: 0/0 objects in disregard for GC pool
[2020.07.05-15.32.58:376][  0]LogTcpMessaging: Initializing TcpMessaging bridge
[2020.07.05-15.32.58:379][  0]LogUdpMessaging: Initializing bridge on interface 0.0.0.0:0 to multicast group 230.0.0.1:6666.
[2020.07.05-15.32.58:432][  0]SourceControl: Source control is disabled
[2020.07.05-15.32.58:432][  0]SourceControl: Source control is disabled
[2020.07.05-15.32.58:433][  0]SourceControl: Source control is disabled
[2020.07.05-15.32.58:434][  0]SourceControl: Source control is disabled
[2020.07.05-15.32.58:504][  0]LogAndroidPermission: UAndroidPermissionCallbackProxy::GetInstance
[2020.07.05-15.32.58:871][  0]LogOcInput: OculusInput pre-init called
[2020.07.05-15.32.58:877][  0]LogWindows: Failed to load 'OVRPlugin.dll' (GetLastError=126)
[2020.07.05-15.32.58:877][  0]LogWindows: File 'OVRPlugin.dll' does not exist
[2020.07.05-15.32.58:890][  0]LogPython: Python Scripts search path: ../../../../../../Files/Documents/Unreal Projects/sPawn/Content/Scripts
[2020.07.05-15.32.58:891][  0]LogPython: Python Scripts search path: ../../../Engine/Plugins/UnrealEnginePython
[2020.07.05-15.32.58:891][  0]LogPython: Python VM initialized: 3.6.2 (v3.6.2:5fd33b5, Jul  8 2017, 04:57:36) [MSC v.1900 64 bit (AMD64)]
[2020.07.05-15.32.59:128][  0]LogPython: ####################----------Python Integration for Megascans Initialized----------####################
[2020.07.05-15.32.59:128][  0]LogPython: 

[2020.07.05-15.32.59:128][  0]LogPython: D:\Program Files\Epic Games\UE_4.23\Engine\Plugins\UnrealEnginePython\
[2020.07.05-15.32.59:128][  0]LogPython: 

[2020.07.05-15.32.59:172][  0]LogPython: Megascans Integration - LiveLink Initialized...
[2020.07.05-15.32.59:172][  0]LogPython: 

[2020.07.05-15.32.59:173][  0]LogPython: ue_site Python module successfully imported
[2020.07.05-15.32.59:259][  0]LogEngine: Initializing Engine...
[2020.07.05-15.32.59:259][  0]LogHMD: Failed to initialize OpenVR with code 110
[2020.07.05-15.32.59:260][  0]LogStats: UGameplayTagsManager::InitializeManager -  0.000 s
[2020.07.05-15.32.59:450][  0]LogInit: Initializing FReadOnlyCVARCache
[2020.07.05-15.32.59:463][  0]LogAIModule: Creating AISystem for world Untitled
[2020.07.05-15.32.59:476][  0]LogInit: XAudio2 using 'Динамики (Realtek(R) Audio)' : 6 channels at 48 kHz using 16 bits per sample (channel mask 0x3f)
[2020.07.05-15.32.59:537][  0]LogInit: FAudioDevice initialized.
[2020.07.05-15.32.59:537][  0]LogNetVersion: Set ProjectVersion to 1.0.0.0. Version Checksum will be recalculated on next use.
[2020.07.05-15.33.00:492][  0]LogDerivedDataCache: Saved boot cache 0.95s 73MB C:/Users/kniaz/AppData/Local/UnrealEngine/4.23/DerivedDataCache/Boot.ddc.
[2020.07.05-15.33.00:538][  0]LogInit: Texture streaming: Enabled
[2020.07.05-15.33.00:618][  0]LogEngineSessionManager: EngineSessionManager initialized
[2020.07.05-15.33.00:618][  0]LogEditorSessionSummary: Verbose: Initializing EditorSessionSummaryWriter for editor session tracking
[2020.07.05-15.33.00:619][  0]LogEditorSessionSummary: EditorSessionSummaryWriter initialized
[2020.07.05-15.33.00:675][  0]LogInit: Transaction tracking system initialized
[2020.07.05-15.33.00:704][  0]BlueprintLog: New page: Editor Load
[2020.07.05-15.33.00:778][  0]LocalizationService: Localization service is disabled
[2020.07.05-15.33.01:383][  0]LogFileCache: Scanning file cache for directory 'D:/Files/Documents/Unreal Projects/sPawn/Content/' took 0.00s
[2020.07.05-15.33.01:383][  0]LogCook: Display: Max memory allowance for cook 16384mb min free memory 0mb
[2020.07.05-15.33.01:383][  0]LogCook: Display: Mobile HDR setting 1
[2020.07.05-15.33.01:450][  0]LogLinker: Warning: While loading '../../../Engine/Content/BasicShapes/Sphere.uasset' failed to load '/Game/Fbx_Default_Material': Can't find file.
[2020.07.05-15.33.01:450][  0]LogLinker: Warning: While loading '../../../Engine/Content/BasicShapes/Sphere.uasset' failed to load '/Game/Fbx_Default_Material': Can't find file.
[2020.07.05-15.33.01:451][  0]LogLinker: Warning: While loading '../../../Engine/Content/BasicShapes/Sphere.uasset' failed to load '/Game/Fbx_Default_Material': Can't find file.
[2020.07.05-15.33.01:451][  0]LogLinker: Warning: While loading '../../../Engine/Content/BasicShapes/Sphere.uasset' failed to load '/Game/Fbx_Default_Material': Can't find file.
[2020.07.05-15.33.01:451][  0]LogLinker: Warning: While loading '../../../Engine/Content/BasicShapes/Sphere.uasset' failed to load '/Game/Fbx_Default_Material': Can't find file.
[2020.07.05-15.33.01:451][  0]LoadErrors: Failed to load /Game/Fbx_Default_Material.Fbx_Default_Material Referenced by Sphere
[2020.07.05-15.33.01:451][  0]LogLinker: Warning: While loading '../../../Engine/Content/BasicShapes/Sphere.uasset' failed to load '/Game/Fbx_Default_Material': Can't find file.
[2020.07.05-15.33.01:451][  0]LoadErrors: Failed to load /Game/Fbx_Default_Material.Fbx_Default_Material Referenced by Sphere
[2020.07.05-15.33.01:604][  0]SourceControl: Source control is disabled
[2020.07.05-15.33.02:403][  0]LogSlate: Took 0.000202 seconds to synchronously load lazily loaded font '../../../Engine/Content/Slate/Fonts/Roboto-Regular.ttf' (155K)
[2020.07.05-15.33.27:473][  0]LogSlate: Window 'Restore Packages' being destroyed
[2020.07.05-15.33.27:473][  0]LogWindowsTextInputMethodSystem: Display: IME system now deactivated.
[2020.07.05-15.33.27:497][  0]LogWindowsTextInputMethodSystem: Display: IME system now deactivated.
[2020.07.05-15.33.29:860][  0]LogSlate: Window 'Unable to Check Out From Source Control!' being destroyed
[2020.07.05-15.33.29:860][  0]LogWindowsTextInputMethodSystem: Display: IME system now deactivated.
[2020.07.05-15.33.29:876][  0]LogWindowsTextInputMethodSystem: Display: IME system now deactivated.
[2020.07.05-15.33.29:878][  0]Cmd: MAP LOAD FILE="../../../Engine/Content/Maps/Templates/Template_Default.umap" TEMPLATE=1 SHOWPROGRESS=1 FEATURELEVEL=3
[2020.07.05-15.33.29:878][  0]LightingResults: New page: Lighting Build
[2020.07.05-15.33.29:881][  0]LogWorld: UWorld::CleanupWorld for Untitled, bSessionEnded=true, bCleanupResources=true
[2020.07.05-15.33.29:881][  0]MapCheck: New page: Map Check
[2020.07.05-15.33.29:881][  0]LightingResults: New page: Lighting Build
[2020.07.05-15.33.29:912][  0]LogUObjectHash: Compacting FUObjectHashTables data took   1.77ms
[2020.07.05-15.33.29:986][  0]LogAIModule: Creating AISystem for world Untitled_1
[2020.07.05-15.33.29:990][  0]LogEditorServer: Finished looking for orphan Actors (0.000 secs)
[2020.07.05-15.33.30:020][  0]LogUObjectHash: Compacting FUObjectHashTables data took   2.18ms
[2020.07.05-15.33.30:021][  0]Cmd: MAP CHECKDEP NOCLEARLOG
[2020.07.05-15.33.30:021][  0]MapCheck: Map check complete: 0 Error(s), 0 Warning(s), took 0,102ms to complete.
[2020.07.05-15.33.30:021][  0]LogFileHelpers: Loading map 'Template_Default' took 0.144
[2020.07.05-15.33.30:072][  0]LogSlate: Updating window title bar state: overlay mode, drag disabled, window buttons hidden, title bar hidden
[2020.07.05-15.33.30:081][  0]LogSlate: Updating window title bar state: overlay mode, drag disabled, window buttons hidden, title bar hidden
[2020.07.05-15.33.30:086][  0]LogSlate: Updating window title bar state: overlay mode, drag disabled, window buttons hidden, title bar hidden
[2020.07.05-15.33.30:091][  0]LogSlate: Updating window title bar state: overlay mode, drag disabled, window buttons hidden, title bar hidden
[2020.07.05-15.33.30:097][  0]LogCollectionManager: Loaded 0 collections in 0.001663 seconds
[2020.07.05-15.33.30:103][  0]LogFileCache: Scanning file cache for directory 'D:/Files/Documents/Unreal Projects/sPawn/Saved/Collections/' took 0.00s
[2020.07.05-15.33.30:103][  0]LogFileCache: Scanning file cache for directory 'D:/Files/Documents/Unreal Projects/sPawn/Content/Developers/kniaz/Collections/' took 0.00s
[2020.07.05-15.33.30:103][  0]LogFileCache: Scanning file cache for directory 'D:/Files/Documents/Unreal Projects/sPawn/Content/Collections/' took 0.00s
[2020.07.05-15.33.30:103][  0]LogCollectionManager: Rebuilt the GUID cache for 0 collections in 0.000001 seconds
[2020.07.05-15.33.30:112][  0]LogContentBrowser: Native class hierarchy populated in 0.0089 seconds. Added 2884 classes and 689 folders.
[2020.07.05-15.33.30:118][  0]LogContentBrowser: Native class hierarchy updated for 'WidgetCarousel' in 0.0002 seconds. Added 0 classes and 0 folders.
[2020.07.05-15.33.30:156][  0]LogContentBrowser: Native class hierarchy updated for 'AddContentDialog' in 0.0002 seconds. Added 0 classes and 0 folders.
[2020.07.05-15.33.30:161][  0]LogContentBrowser: Native class hierarchy updated for 'SceneOutliner' in 0.0003 seconds. Added 1 classes and 2 folders.
[2020.07.05-15.33.30:171][  0]LogSlate: Took 0.000171 seconds to synchronously load lazily loaded font '../../../Engine/Content/Slate/Fonts/Roboto-Bold.ttf' (160K)
[2020.07.05-15.33.30:175][  0]LogSlate: Took 0.000139 seconds to synchronously load lazily loaded font '../../../Engine/Content/Editor/Slate/Fonts/FontAwesome.ttf' (139K)
[2020.07.05-15.33.30:203][  0]LogRenderer: Reallocating scene render targets to support 1288x624 Format 10 NumSamples 1 (Frame:1).
[2020.07.05-15.33.30:310][  0]LogContentBrowser: Native class hierarchy updated for 'HierarchicalLODOutliner' in 0.0003 seconds. Added 0 classes and 0 folders.
[2020.07.05-15.33.30:310][  0]LogLoad: (Engine Initialization) Total time: 35.87 seconds
[2020.07.05-15.33.30:310][  0]LogLoad: (Engine Initialization) Total Blueprint compile time: 0.00 seconds
[2020.07.05-15.33.30:366][  0]LogContentStreaming: Texture pool size now 1000 MB
[2020.07.05-15.33.30:368][  0]LogSlate: FSceneViewport::OnFocusLost() reason 5
[2020.07.05-15.33.30:435][  1]LogAssetRegistry: Asset discovery search completed in 33.5961 seconds
[2020.07.05-15.33.30:438][  1]LogCollectionManager: Rebuilt the object cache for 0 collections in 0.000003 seconds (found 0 objects)
[2020.07.05-15.33.30:438][  1]LogCollectionManager: Fixed up redirectors for 0 collections in 0.000042 seconds (updated 0 objects)
[2020.07.05-15.33.30:470][  4]LogPython: tcp server spawned on 127.0.0.1:13428
[2020.07.05-15.33.32:587][257]LogSlate: Window 'Message Log' being destroyed
[2020.07.05-15.33.32:591][257]LogSlate: Window 'Message Log' being destroyed
[2020.07.05-15.33.33:800][402]LogSlate: FSceneViewport::OnFocusLost() reason 0
[2020.07.05-15.33.34:786][520]LogSlate: Took 0.000176 seconds to synchronously load lazily loaded font '../../../Engine/Content/Slate/Fonts/Roboto-Light.ttf' (167K)
[2020.07.05-15.33.34:845][520]LogAIModule: Creating AISystem for world Default
[2020.07.05-15.33.34:851][520]LogAssetEditorManager: Opening Asset editor for World /Game/Default.Default
[2020.07.05-15.33.34:882][520]LogUObjectHash: Compacting FUObjectHashTables data took   2.26ms
[2020.07.05-15.33.34:882][520]Cmd: MAP LOAD FILE="../../../../../../Files/Documents/Unreal Projects/sPawn/Content/Default.umap" TEMPLATE=0 SHOWPROGRESS=1 FEATURELEVEL=3
[2020.07.05-15.33.34:882][520]LightingResults: New page: Lighting Build
[2020.07.05-15.33.34:883][520]LoadErrors: New page: Loading map: Default.umap
[2020.07.05-15.33.34:883][520]LogWorld: UWorld::CleanupWorld for Untitled_1, bSessionEnded=true, bCleanupResources=true
[2020.07.05-15.33.34:883][520]MapCheck: New page: Map Check
[2020.07.05-15.33.34:883][520]LightingResults: New page: Lighting Build
[2020.07.05-15.33.34:911][520]LogUObjectHash: Compacting FUObjectHashTables data took   1.76ms
[2020.07.05-15.33.34:914][520]LogEditorServer: Finished looking for orphan Actors (0.000 secs)
[2020.07.05-15.33.34:942][520]LogUObjectHash: Compacting FUObjectHashTables data took   1.60ms
[2020.07.05-15.33.34:958][520]Cmd: MAP CHECKDEP NOCLEARLOG
[2020.07.05-15.33.34:959][520]MapCheck: Map check complete: 0 Error(s), 0 Warning(s), took 0,073ms to complete.
[2020.07.05-15.33.34:959][520]LogFileHelpers: Loading map 'Default' took 0.077
[2020.07.05-15.33.37:409][811]LogTcpMessaging: Started Connection to '127.0.0.1:6666'
[2020.07.05-15.33.40:159][140]LogSlate: FSceneViewport::OnFocusLost() reason 0
[2020.07.05-15.33.40:508][182]LogTemp: Repeating last play command: Selected Viewport
[2020.07.05-15.33.40:517][182]LogBlueprintUserMessages: Early PlayInEditor Detection: Level '/Game/Default.Default:PersistentLevel' has LevelScriptBlueprint '/Game/Default.Default:PersistentLevel.Default' with GeneratedClass '/Game/Default.Default_C' with ClassGeneratedBy '/Game/Default.Default:PersistentLevel.Default'
[2020.07.05-15.33.40:517][182]LogPlayLevel: PlayLevel: No blueprints needed recompiling
[2020.07.05-15.33.40:518][182]PIE: New page: PIE session: Default (5 июля 2020 г., 21:33:40)
[2020.07.05-15.33.40:518][182]LogOnline: OSS: Creating online subsystem instance for: NULL
[2020.07.05-15.33.40:519][182]LogPlayLevel: Creating play world package: /Game/UEDPIE_0_Default
[2020.07.05-15.33.40:521][182]LogPlayLevel: PIE: StaticDuplicateObject took: (0.001965s)
[2020.07.05-15.33.40:522][182]LogAIModule: Creating AISystem for world Default
[2020.07.05-15.33.40:522][182]LogPlayLevel: PIE: World Init took: (0.000843s)
[2020.07.05-15.33.40:522][182]LogPlayLevel: PIE: Created PIE world by copying editor world from /Game/Default.Default to /Game/UEDPIE_0_Default.Default (0.002952s)
[2020.07.05-15.33.40:549][182]LogUObjectHash: Compacting FUObjectHashTables data took   1.42ms
[2020.07.05-15.33.40:557][182]LogInit: XAudio2 using 'Динамики (Realtek(R) Audio)' : 6 channels at 48 kHz using 16 bits per sample (channel mask 0x3f)
[2020.07.05-15.33.40:620][182]LogInit: FAudioDevice initialized.
[2020.07.05-15.33.40:627][182]LogLoad: Game class is 'GameModeBase'
[2020.07.05-15.33.40:628][182]LogWorld: Bringing World /Game/UEDPIE_0_Default.Default up for play (max tick rate 0) at 2020.07.05-18.33.40
[2020.07.05-15.33.40:628][182]LogWorld: Bringing up level for play took: 0.000832
[2020.07.05-15.33.40:629][182]LogOnline: OSS: Creating online subsystem instance for: :Context_1
[2020.07.05-15.33.40:634][182]LogContentBrowser: Native class hierarchy updated for 'MovieSceneCapture' in 0.0003 seconds. Added 20 classes and 0 folders.
[2020.07.05-15.33.40:635][182]LogTemp: Warning: I just started running
[2020.07.05-15.33.40:636][182]LogTemp: Warning: I just started running
[2020.07.05-15.33.40:638][182]PIE: Play in editor start time for /Game/UEDPIE_0_Default 1,116
[2020.07.05-15.33.40:638][182]LogBlueprintUserMessages: Late PlayInEditor Detection: Level '/Game/Default.Default:PersistentLevel' has LevelScriptBlueprint '/Game/Default.Default:PersistentLevel.Default' with GeneratedClass '/Game/Default.Default_C' with ClassGeneratedBy '/Game/Default.Default:PersistentLevel.Default'
[2020.07.05-15.33.48:465][113]Cmd: c dodec
[2020.07.05-15.33.48:465][113]C = "dodec"
[2020.07.05-15.33.48:466][113]LogSlate: FSceneViewport::OnFocusLost() reason 2
[2020.07.05-15.34.01:976][136]Cmd: c hexs
[2020.07.05-15.34.01:976][136]C = "hexs"
[2020.07.05-15.34.01:976][136]LogSlate: FSceneViewport::OnFocusLost() reason 2
[2020.07.05-15.34.06:644][696]Cmd: c hexa
[2020.07.05-15.34.06:644][696]C = "hexa"
[2020.07.05-15.34.06:644][696]LogSlate: FSceneViewport::OnFocusLost() reason 2
[2020.07.05-15.34.15:122][400]Cmd: c hexadec
[2020.07.05-15.34.15:122][400]C = "hexadec"
[2020.07.05-15.34.15:122][400]LogSlate: FSceneViewport::OnFocusLost() reason 2
[2020.07.05-15.34.20:811][ 82]Cmd: c icos]
[2020.07.05-15.34.20:811][ 82]C = "icos]"
[2020.07.05-15.34.20:811][ 82]LogSlate: FSceneViewport::OnFocusLost() reason 2
[2020.07.05-15.34.45:890][ 89]LogBlueprintUserMessages: Early EndPlayMap Detection: Level '/Game/Default.Default:PersistentLevel' has LevelScriptBlueprint '/Game/Default.Default:PersistentLevel.Default' with GeneratedClass '/Game/Default.Default_C' with ClassGeneratedBy '/Game/Default.Default:PersistentLevel.Default'
[2020.07.05-15.34.45:890][ 89]LogSlate: Updating window title bar state: overlay mode, drag disabled, window buttons hidden, title bar hidden
[2020.07.05-15.34.45:890][ 89]LogWorld: BeginTearingDown for /Game/UEDPIE_0_Default
[2020.07.05-15.34.45:890][ 89]LogWorld: UWorld::CleanupWorld for Default, bSessionEnded=true, bCleanupResources=true
[2020.07.05-15.34.45:906][ 89]LogPlayLevel: Display: Shutting down PIE online subsystems
[2020.07.05-15.34.45:906][ 89]LogBlueprintUserMessages: Late EndPlayMap Detection: Level '/Game/Default.Default:PersistentLevel' has LevelScriptBlueprint '/Game/Default.Default:PersistentLevel.Default' with GeneratedClass '/Game/Default.Default_C' with ClassGeneratedBy '/Game/Default.Default:PersistentLevel.Default'
[2020.07.05-15.34.45:938][ 89]LogSlate: Updating window title bar state: overlay mode, drag disabled, window buttons hidden, title bar hidden
[2020.07.05-15.34.45:946][ 89]LogUObjectHash: Compacting FUObjectHashTables data took   1.56ms
[2020.07.05-15.34.45:991][ 93]LogPlayLevel: Display: Destroying online subsystem :Context_1
[2020.07.05-15.35.52:206][704]LogSlate: FSceneViewport::OnFocusLost() reason 0
[2020.07.05-15.35.52:684][712]Candidate modules for hot reload:
[2020.07.05-15.35.52:684][712]  sPawn
[2020.07.05-15.35.52:685][712]Launching UnrealBuildTool... [D:/Program Files/Epic Games/UE_4.23/Engine/Binaries/DotNET/UnrealBuildTool.exe  -ModuleWithSuffix=sPawn,3989 Win64 Development -TargetType=Editor -Project="D:/Files/Documents/Unreal Projects/sPawn/sPawn.uproject" "D:/Files/Documents/Unreal Projects/sPawn/sPawn.uproject"  -IgnoreJunk]
[2020.07.05-15.35.52:686][712]Warning: Starting HotReload took  0.4s.
[2020.07.05-15.36.06:060][310]CompilerResultsLog: New page: Compilation - 5 июля 2020 г., 21:36:06
[2020.07.05-15.36.06:060][310]CompilerResultsLog: Parsing headers for sPawnEditor
[2020.07.05-15.36.06:060][310]CompilerResultsLog:   Running UnrealHeaderTool "D:\Files\Documents\Unreal Projects\sPawn\sPawn.uproject" "D:\Files\Documents\Unreal Projects\sPawn\Intermediate\Build\Win64\sPawnEditor\Development\sPawnEditor.uhtmanifest" -LogCmds="loginit warning, logexit warning, logdatabase error" -Unattended -WarningsAsErrors -installed
[2020.07.05-15.36.06:060][310]CompilerResultsLog: Reflection code generated for sPawnEditor in 5,4066554 seconds
[2020.07.05-15.36.06:060][310]CompilerResultsLog: Using Visual Studio 2017 14.16.27023 toolchain (D:\Program Files (x86)\Microsoft Visual Studio\2017\Community\VC\Tools\MSVC\14.16.27023) and Windows 10.0.10586.0 SDK (C:\Program Files (x86)\Windows Kits\10).
[2020.07.05-15.36.06:060][310]CompilerResultsLog: Building 4 actions with 12 processes...
[2020.07.05-15.36.06:060][310]CompilerResultsLog:   [1/4] MyActor2.cpp
[2020.07.05-15.36.06:060][310]CompilerResultsLog:    D:\Files\Documents\Unreal Projects\sPawn\Source\sPawn\MyActor2.cpp(18) : error C2065: LC_ALL: ?????????? ??????䨪????
[2020.07.05-15.36.06:060][310]CompilerResultsLog:    D:\Files\Documents\Unreal Projects\sPawn\Source\sPawn\MyActor2.cpp(18) : error C4430: ??????????? ᯥ??䨪???? ⨯? - ?।?????????? int. ?ਬ?砭??. C++ ?? ?????ন???? int ?? 㬮?砭??
[2020.07.05-15.36.06:060][310]CompilerResultsLog:    D:\Files\Documents\Unreal Projects\sPawn\Source\sPawn\MyActor2.cpp(18) : error C2440: ???樠???????: ?????????? ?८?ࠧ????? "initializer list" ? "int"
[2020.07.05-15.36.06:060][310]CompilerResultsLog:   D:\Files\Documents\Unreal Projects\sPawn\Source\sPawn\MyActor2.cpp(18): note: ???樠??????? ᮤ?ন? ᫨誮? ????? ??????⮢
[2020.07.05-15.36.06:060][310]LogMainFrame: MainFrame: Module compiling took 13.378 seconds
[2020.07.05-15.36.06:060][310]Warning: HotReload failed, recompile failed
[2020.07.05-15.36.09:055][667]LogSlate: Took 0.001251 seconds to synchronously load lazily loaded font '../../../Engine/Content/Slate/Fonts/DroidSansFallback.ttf' (3848K)
[2020.07.05-15.36.09:055][667]LogSlate: Last resort fallback font was requested. Font: '../../../Engine/Content/Slate/Fonts/DroidSansFallback.ttf', Character: ' (U+f8ab)'
[2020.07.05-15.36.09:058][667]LogSlate: Took 0.001641 seconds to synchronously load lazily loaded font '../../../Engine/Content/SlateDebug/Fonts/LastResort.ttf' (5269K)
[2020.07.05-15.36.33:676][360]LogSlate: Window 'Message Log' being destroyed
[2020.07.05-15.36.33:677][360]LogSlate: Window 'Message Log' being destroyed
[2020.07.05-15.36.35:006][464]Candidate modules for hot reload:
[2020.07.05-15.36.35:006][464]  sPawn
[2020.07.05-15.36.35:006][464]Launching UnrealBuildTool... [D:/Program Files/Epic Games/UE_4.23/Engine/Binaries/DotNET/UnrealBuildTool.exe  -ModuleWithSuffix=sPawn,3190 Win64 Development -TargetType=Editor -Project="D:/Files/Documents/Unreal Projects/sPawn/sPawn.uproject" "D:/Files/Documents/Unreal Projects/sPawn/sPawn.uproject"  -IgnoreJunk]
[2020.07.05-15.36.35:007][464]Warning: Starting HotReload took  0.0s.
[2020.07.05-15.36.50:639][336]CompilerResultsLog: New page: Compilation - 5 июля 2020 г., 21:36:50
[2020.07.05-15.36.50:639][336]CompilerResultsLog: Parsing headers for sPawnEditor
[2020.07.05-15.36.50:639][336]CompilerResultsLog:   Running UnrealHeaderTool "D:\Files\Documents\Unreal Projects\sPawn\sPawn.uproject" "D:\Files\Documents\Unreal Projects\sPawn\Intermediate\Build\Win64\sPawnEditor\Development\sPawnEditor.uhtmanifest" -LogCmds="loginit warning, logexit warning, logdatabase error" -Unattended -WarningsAsErrors -installed
[2020.07.05-15.36.50:639][336]CompilerResultsLog: Reflection code generated for sPawnEditor in 5,26852 seconds
[2020.07.05-15.36.50:639][336]CompilerResultsLog: Using Visual Studio 2017 14.16.27023 toolchain (D:\Program Files (x86)\Microsoft Visual Studio\2017\Community\VC\Tools\MSVC\14.16.27023) and Windows 10.0.10586.0 SDK (C:\Program Files (x86)\Windows Kits\10).
[2020.07.05-15.36.50:639][336]CompilerResultsLog: Building 4 actions with 12 processes...
[2020.07.05-15.36.50:639][336]CompilerResultsLog:   [1/4] MyActor2.cpp
[2020.07.05-15.36.50:639][336]CompilerResultsLog:   [2/4] UE4Editor-sPawn-3190.lib
[2020.07.05-15.36.50:639][336]CompilerResultsLog:      ????????? ?????????? D:\Files\Documents\Unreal Projects\sPawn\Intermediate\Build\Win64\UE4Editor\Development\sPawn\UE4Editor-sPawn-3190.lib ? ?????? D:\Files\Documents\Unreal Projects\sPawn\Intermediate\Build\Win64\UE4Editor\Development\sPawn\UE4Editor-sPawn-3190.exp
[2020.07.05-15.36.50:639][336]CompilerResultsLog:   [3/4] UE4Editor-sPawn-3190.dll
[2020.07.05-15.36.50:639][336]CompilerResultsLog:      ????????? ?????????? D:\Files\Documents\Unreal Projects\sPawn\Intermediate\Build\Win64\UE4Editor\Development\sPawn\UE4Editor-sPawn-3190.suppressed.lib ? ?????? D:\Files\Documents\Unreal Projects\sPawn\Intermediate\Build\Win64\UE4Editor\Development\sPawn\UE4Editor-sPawn-3190.suppressed.exp
[2020.07.05-15.36.50:639][336]CompilerResultsLog:   [4/4] sPawnEditor.target
[2020.07.05-15.36.50:639][336]CompilerResultsLog: Total time in Parallel executor: 9,46 seconds
[2020.07.05-15.36.50:639][336]CompilerResultsLog: Total execution time: 15,54 seconds
[2020.07.05-15.36.50:639][336]LogMainFrame: MainFrame: Module compiling took 15.636 seconds
[2020.07.05-15.36.50:666][336]LogUObjectHash: Compacting FUObjectHashTables data took   0.76ms
[2020.07.05-15.36.50:679][336]LogConsoleManager: Warning: Setting the console variable 'unknown?' with 'SetByCode' was ignored as it is lower priority than the previous 'SetByConsole'. Value remains 'octan'
[2020.07.05-15.36.50:682][336]LogContentBrowser: Native class hierarchy updated for 'sPawn' in 0.0003 seconds. Added 2 classes and 2 folders.
[2020.07.05-15.36.50:684][336]Display: HotReload successful (2 functions remapped  0 scriptstructs remapped)
[2020.07.05-15.36.50:741][336]LogUObjectHash: Compacting FUObjectHashTables data took   1.13ms
[2020.07.05-15.36.50:753][336]LogContentBrowser: Native class hierarchy populated in 0.0076 seconds. Added 2885 classes and 691 folders.
[2020.07.05-15.36.50:753][336]Display: HotReload took 15.8s.
[2020.07.05-15.37.04:945][ 39]LogTemp: Repeating last play command: Selected Viewport
[2020.07.05-15.37.04:956][ 39]LogBlueprintUserMessages: Early PlayInEditor Detection: Level '/Game/Default.Default:PersistentLevel' has LevelScriptBlueprint '/Game/Default.Default:PersistentLevel.Default' with GeneratedClass '/Game/Default.Default_C' with ClassGeneratedBy '/Game/Default.Default:PersistentLevel.Default'
[2020.07.05-15.37.04:956][ 39]LogPlayLevel: PlayLevel: No blueprints needed recompiling
[2020.07.05-15.37.04:956][ 39]PIE: New page: PIE session: Default (5 июля 2020 г., 21:37:04)
[2020.07.05-15.37.04:956][ 39]LogPlayLevel: Creating play world package: /Game/UEDPIE_0_Default
[2020.07.05-15.37.04:958][ 39]LogPlayLevel: PIE: StaticDuplicateObject took: (0.001984s)
[2020.07.05-15.37.04:959][ 39]LogAIModule: Creating AISystem for world Default
[2020.07.05-15.37.04:959][ 39]LogPlayLevel: PIE: World Init took: (0.000951s)
[2020.07.05-15.37.04:959][ 39]LogPlayLevel: PIE: Created PIE world by copying editor world from /Game/Default.Default to /Game/UEDPIE_0_Default.Default (0.003040s)
[2020.07.05-15.37.04:985][ 39]LogUObjectHash: Compacting FUObjectHashTables data took   1.40ms
[2020.07.05-15.37.04:994][ 39]LogInit: XAudio2 using 'Динамики (Realtek(R) Audio)' : 6 channels at 48 kHz using 16 bits per sample (channel mask 0x3f)
[2020.07.05-15.37.05:056][ 39]LogInit: FAudioDevice initialized.
[2020.07.05-15.37.05:060][ 39]LogLoad: Game class is 'GameModeBase'
[2020.07.05-15.37.05:061][ 39]LogWorld: Bringing World /Game/UEDPIE_0_Default.Default up for play (max tick rate 0) at 2020.07.05-18.37.05
[2020.07.05-15.37.05:061][ 39]LogWorld: Bringing up level for play took: 0.000507
[2020.07.05-15.37.05:061][ 39]LogOnline: OSS: Creating online subsystem instance for: :Context_2
[2020.07.05-15.37.05:063][ 39]LogTemp: Warning: I just started running
[2020.07.05-15.37.05:064][ 39]LogTemp: Warning: I just started running
[2020.07.05-15.37.05:065][ 39]PIE: Play in editor start time for /Game/UEDPIE_0_Default -0,455
[2020.07.05-15.37.05:066][ 39]LogBlueprintUserMessages: Late PlayInEditor Detection: Level '/Game/Default.Default:PersistentLevel' has LevelScriptBlueprint '/Game/Default.Default:PersistentLevel.Default' with GeneratedClass '/Game/Default.Default_C' with ClassGeneratedBy '/Game/Default.Default:PersistentLevel.Default'
[2020.07.05-15.37.18:133][600]Cmd: c icos
[2020.07.05-15.37.18:133][600]C = "icos"
[2020.07.05-15.37.18:133][600]LogSlate: FSceneViewport::OnFocusLost() reason 2
[2020.07.05-15.37.20:908][933]LogBlueprintUserMessages: Early EndPlayMap Detection: Level '/Game/Default.Default:PersistentLevel' has LevelScriptBlueprint '/Game/Default.Default:PersistentLevel.Default' with GeneratedClass '/Game/Default.Default_C' with ClassGeneratedBy '/Game/Default.Default:PersistentLevel.Default'
[2020.07.05-15.37.20:908][933]LogSlate: Updating window title bar state: overlay mode, drag disabled, window buttons hidden, title bar hidden
[2020.07.05-15.37.20:908][933]LogWorld: BeginTearingDown for /Game/UEDPIE_0_Default
[2020.07.05-15.37.20:908][933]LogWorld: UWorld::CleanupWorld for Default, bSessionEnded=true, bCleanupResources=true
[2020.07.05-15.37.20:923][933]LogPlayLevel: Display: Shutting down PIE online subsystems
[2020.07.05-15.37.20:923][933]LogBlueprintUserMessages: Late EndPlayMap Detection: Level '/Game/Default.Default:PersistentLevel' has LevelScriptBlueprint '/Game/Default.Default:PersistentLevel.Default' with GeneratedClass '/Game/Default.Default_C' with ClassGeneratedBy '/Game/Default.Default:PersistentLevel.Default'
[2020.07.05-15.37.20:956][933]LogSlate: Updating window title bar state: overlay mode, drag disabled, window buttons hidden, title bar hidden
[2020.07.05-15.37.20:962][933]LogUObjectHash: Compacting FUObjectHashTables data took   1.43ms
[2020.07.05-15.37.21:010][937]LogPlayLevel: Display: Destroying online subsystem :Context_2
[2020.07.05-15.37.21:844][ 37]LogSlate: FSceneViewport::OnFocusLost() reason 0
[2020.07.05-15.37.21:935][ 45]LogUObjectHash: Compacting FUObjectHashTables data took   0.67ms
[2020.07.05-15.37.21:982][ 45]LogSlate: Window 'sPawn - Unreal Editor' being destroyed
[2020.07.05-15.37.21:982][ 45]LogWindowsTextInputMethodSystem: Display: IME system now deactivated.
[2020.07.05-15.37.22:078][ 46]Cmd: QUIT_EDITOR
[2020.07.05-15.37.23:060][ 46]LogExit: Preparing to exit.
[2020.07.05-15.37.23:601][ 46]LogWorld: UWorld::CleanupWorld for None, bSessionEnded=true, bCleanupResources=true
[2020.07.05-15.37.23:601][ 46]LogExit: Editor shut down
[2020.07.05-15.37.23:602][ 46]LogExit: Transaction tracking system shut down
[2020.07.05-15.37.23:605][ 46]LogDemo: Cleaned up 0 splitscreen connections with owner deletion
[2020.07.05-15.37.23:813][ 46]LogExit: Object subsystem successfully closed.
[2020.07.05-15.37.23:831][ 46]LogShaderCompilers: Display: Shaders left to compile 0
[2020.07.05-15.37.23:840][ 46]LogModuleManager: Shutting down and abandoning module sPawn (683)
[2020.07.05-15.37.23:840][ 46]LogModuleManager: Shutting down and abandoning module MovieSceneCapture (682)
[2020.07.05-15.37.23:840][ 46]LogModuleManager: Shutting down and abandoning module Voice (680)
[2020.07.05-15.37.23:840][ 46]LogModuleManager: Shutting down and abandoning module HierarchicalLODOutliner (678)
[2020.07.05-15.37.23:840][ 46]LogModuleManager: Shutting down and abandoning module SceneOutliner (676)
[2020.07.05-15.37.23:840][ 46]LogModuleManager: Shutting down and abandoning module AddContentDialog (674)
[2020.07.05-15.37.23:840][ 46]LogModuleManager: Shutting down and abandoning module WidgetCarousel (673)
[2020.07.05-15.37.23:840][ 46]LogModuleManager: Shutting down and abandoning module EditorWidgets (670)
[2020.07.05-15.37.23:840][ 46]LogModuleManager: Shutting down and abandoning module CollectionManager (668)
[2020.07.05-15.37.23:841][ 46]LogModuleManager: Shutting down and abandoning module HierarchicalLODUtilities (666)
[2020.07.05-15.37.23:841][ 46]LogModuleManager: Shutting down and abandoning module StatsViewer (664)
[2020.07.05-15.37.23:841][ 46]LogModuleManager: Shutting down and abandoning module VirtualTexturingEditor (662)
[2020.07.05-15.37.23:841][ 46]LogModuleManager: Shutting down and abandoning module FoliageEdit (660)
[2020.07.05-15.37.23:841][ 46]LogModuleManager: Shutting down and abandoning module LandscapeEditor (658)
[2020.07.05-15.37.23:841][ 46]LogModuleManager: Shutting down and abandoning module MeshPaintMode (656)
[2020.07.05-15.37.23:841][ 46]LogModuleManager: Shutting down and abandoning module SceneDepthPickerMode (654)
[2020.07.05-15.37.23:841][ 46]LogModuleManager: Shutting down and abandoning module ActorPickerMode (652)
[2020.07.05-15.37.23:841][ 46]LogModuleManager: Shutting down and abandoning module GeometryMode (650)
[2020.07.05-15.37.23:841][ 46]LogModuleManager: Shutting down and abandoning module TextureAlignMode (648)
[2020.07.05-15.37.23:841][ 46]LogModuleManager: Shutting down and abandoning module BspMode (646)
[2020.07.05-15.37.23:841][ 46]LogModuleManager: Shutting down and abandoning module PIEPreviewDeviceProfileSelector (644)
[2020.07.05-15.37.23:841][ 46]LogModuleManager: Shutting down and abandoning module SequenceRecorderSections (642)
[2020.07.05-15.37.23:841][ 46]LogModuleManager: Shutting down and abandoning module AutomationWorker (640)
[2020.07.05-15.37.23:841][ 46]LogModuleManager: Shutting down and abandoning module OculusMR (638)
[2020.07.05-15.37.23:841][ 46]LogModuleManager: Shutting down and abandoning module AudioCaptureEditor (636)
[2020.07.05-15.37.23:841][ 46]LogModuleManager: Shutting down and abandoning module MatineeToLevelSequence (634)
[2020.07.05-15.37.23:841][ 46]LogModuleManager: Shutting down and abandoning module LevelSequenceEditor (632)
[2020.07.05-15.37.23:841][ 46]LogModuleManager: Shutting down and abandoning module PlacementMode (631)
[2020.07.05-15.37.23:841][ 46]LogModuleManager: Shutting down and abandoning module MaterialEditor (630)
[2020.07.05-15.37.23:841][ 46]LogModuleManager: Shutting down and abandoning module ActorSequenceEditor (626)
[2020.07.05-15.37.23:841][ 46]LogModuleManager: Shutting down and abandoning module WmfMediaFactory (624)
[2020.07.05-15.37.23:841][ 46]LogModuleManager: Shutting down and abandoning module WmfMediaEditor (622)
[2020.07.05-15.37.23:841][ 46]LogModuleManager: Shutting down and abandoning module WebMMediaFactory (620)
[2020.07.05-15.37.23:841][ 46]LogModuleManager: Shutting down and abandoning module WebMMediaEditor (618)
[2020.07.05-15.37.23:841][ 46]LogModuleManager: Shutting down and abandoning module WebMMedia (616)
[2020.07.05-15.37.23:841][ 46]LogModuleManager: Shutting down and abandoning module MediaPlayerEditor (614)
[2020.07.05-15.37.23:841][ 46]LogModuleManager: Shutting down and abandoning module MediaCompositingEditor (612)
[2020.07.05-15.37.23:841][ 46]LogModuleManager: Shutting down and abandoning module SequenceRecorder (611)
[2020.07.05-15.37.23:841][ 46]LogModuleManager: Shutting down and abandoning module OpenExrWrapper (608)
[2020.07.05-15.37.23:841][ 46]LogModuleManager: Shutting down and abandoning module ImgMediaFactory (606)
[2020.07.05-15.37.23:841][ 46]LogModuleManager: Shutting down and abandoning module ImgMediaEditor (604)
[2020.07.05-15.37.23:841][ 46]LogModuleManager: Shutting down and abandoning module AvfMediaFactory (602)
[2020.07.05-15.37.23:841][ 46]LogModuleManager: Shutting down and abandoning module AvfMediaEditor (600)
[2020.07.05-15.37.23:841][ 46]LogModuleManager: Shutting down and abandoning module AndroidMediaFactory (598)
[2020.07.05-15.37.23:841][ 46]LogModuleManager: Shutting down and abandoning module AndroidMediaEditor (596)
[2020.07.05-15.37.23:841][ 46]LogModuleManager: Shutting down and abandoning module MagicLeapCameraPreviewFactory (594)
[2020.07.05-15.37.23:841][ 46]LogModuleManager: Shutting down and abandoning module MagicLeapMediaCodecFactory (592)
[2020.07.05-15.37.23:841][ 46]LogModuleManager: Shutting down and abandoning module MagicLeapMediaFactory (590)
[2020.07.05-15.37.23:842][ 46]LogModuleManager: Shutting down and abandoning module MagicLeapMediaEditor (588)
[2020.07.05-15.37.23:842][ 46]LogModuleManager: Shutting down and abandoning module CharacterAI (586)
[2020.07.05-15.37.23:842][ 46]LogModuleManager: Shutting down and abandoning module SmartSnapping (584)
[2020.07.05-15.37.23:842][ 46]LogModuleManager: Shutting down and abandoning module SessionServices (582)
[2020.07.05-15.37.23:842][ 46]LogModuleManager: Shutting down and abandoning module MeshPaint (580)
[2020.07.05-15.37.23:842][ 46]LogModuleManager: Shutting down and abandoning module ViewportSnapping (578)
[2020.07.05-15.37.23:842][ 46]LogModuleManager: Shutting down and abandoning module ViewportInteraction (576)
[2020.07.05-15.37.23:842][ 46]LogModuleManager: Shutting down and abandoning module ClothPainter (574)
[2020.07.05-15.37.23:842][ 46]LogModuleManager: Shutting down and abandoning module SkeletalMeshEditor (573)
[2020.07.05-15.37.23:842][ 46]LogModuleManager: Shutting down and abandoning module LogVisualizer (570)
[2020.07.05-15.37.23:842][ 46]LogModuleManager: Shutting down and abandoning module IntroTutorials (568)
[2020.07.05-15.37.23:842][ 46]LogModuleManager: Shutting down and abandoning module GameProjectGeneration (567)
[2020.07.05-15.37.23:842][ 46]LogModuleManager: Shutting down and abandoning module LuminPlatformEditor (564)
[2020.07.05-15.37.23:842][ 46]LogModuleManager: Shutting down and abandoning module IOSPlatformEditor (562)
[2020.07.05-15.37.23:842][ 46]LogModuleManager: Shutting down and abandoning module HTML5PlatformEditor (560)
[2020.07.05-15.37.23:842][ 46]LogModuleManager: Shutting down and abandoning module AndroidPlatformEditor (558)
[2020.07.05-15.37.23:842][ 46]LogModuleManager: Shutting down and abandoning module AndroidDeviceDetection (557)
[2020.07.05-15.37.25:011][ 46]LogModuleManager: Shutting down and abandoning module WindowsPlatformEditor (554)
[2020.07.05-15.37.25:011][ 46]LogModuleManager: Shutting down and abandoning module LuminRuntimeSettings (552)
[2020.07.05-15.37.25:011][ 46]LogModuleManager: Shutting down and abandoning module IOSRuntimeSettings (550)
[2020.07.05-15.37.25:011][ 46]LogModuleManager: Shutting down and abandoning module AndroidRuntimeSettings (548)
[2020.07.05-15.37.25:011][ 46]LogModuleManager: Shutting down and abandoning module TimeManagementEditor (546)
[2020.07.05-15.37.25:011][ 46]LogModuleManager: Shutting down and abandoning module InputBindingEditor (544)
[2020.07.05-15.37.25:011][ 46]LogModuleManager: Shutting down and abandoning module MergeActors (542)
[2020.07.05-15.37.25:011][ 46]LogModuleManager: Shutting down and abandoning module LocalizationDashboard (540)
[2020.07.05-15.37.25:011][ 46]LogModuleManager: Shutting down and abandoning module LocalizationService (539)
[2020.07.05-15.37.25:012][ 46]LogModuleManager: Shutting down and abandoning module HardwareTargeting (536)
[2020.07.05-15.37.25:012][ 46]LogModuleManager: Shutting down and abandoning module DeviceProfileEditor (534)
[2020.07.05-15.37.25:012][ 46]LogModuleManager: Shutting down and abandoning module UndoHistory (532)
[2020.07.05-15.37.25:012][ 46]LogModuleManager: Shutting down and abandoning module XmlParser (530)
[2020.07.05-15.37.25:012][ 46]LogModuleManager: Shutting down and abandoning module Blutility (528)
[2020.07.05-15.37.25:012][ 46]LogModuleManager: Shutting down and abandoning module ProjectSettingsViewer (526)
[2020.07.05-15.37.25:012][ 46]LogModuleManager: Shutting down and abandoning module ProjectTargetPlatformEditor (525)
[2020.07.05-15.37.25:012][ 46]LogModuleManager: Shutting down and abandoning module EditorSettingsViewer (522)
[2020.07.05-15.37.25:012][ 46]LogModuleManager: Shutting down and abandoning module SettingsEditor (520)
[2020.07.05-15.37.25:012][ 46]LogModuleManager: Shutting down and abandoning module ProjectLauncher (518)
[2020.07.05-15.37.25:012][ 46]LogModuleManager: Shutting down and abandoning module SessionFrontend (516)
[2020.07.05-15.37.25:012][ 46]LogModuleManager: Shutting down and abandoning module ProfilerClient (514)
[2020.07.05-15.37.25:012][ 46]LogModuleManager: Shutting down and abandoning module DeviceManager (512)
[2020.07.05-15.37.25:012][ 46]LogModuleManager: Shutting down and abandoning module TargetDeviceServices (511)
[2020.07.05-15.37.25:045][ 46]LogModuleManager: Shutting down and abandoning module AutomationController (508)
[2020.07.05-15.37.25:045][ 46]LogModuleManager: Shutting down and abandoning module AutomationWindow (506)
[2020.07.05-15.37.25:045][ 46]LogModuleManager: Shutting down and abandoning module Layers (504)
[2020.07.05-15.37.25:045][ 46]LogModuleManager: Shutting down and abandoning module ComponentVisualizers (502)
[2020.07.05-15.37.25:045][ 46]LogModuleManager: Shutting down and abandoning module DetailCustomizations (500)
[2020.07.05-15.37.25:045][ 46]LogModuleManager: Shutting down and abandoning module PackagesDialog (498)
[2020.07.05-15.37.25:045][ 46]LogModuleManager: Shutting down and abandoning module AnimationBlueprintEditor (496)
[2020.07.05-15.37.25:045][ 46]LogModuleManager: Shutting down and abandoning module Persona (494)
[2020.07.05-15.37.25:045][ 46]LogModuleManager: Shutting down and abandoning module AdvancedPreviewScene (493)
[2020.07.05-15.37.25:045][ 46]LogModuleManager: Shutting down and abandoning module AnimGraph (491)
[2020.07.05-15.37.25:045][ 46]LogModuleManager: Shutting down and abandoning module Kismet (488)
[2020.07.05-15.37.25:045][ 46]LogModuleManager: Shutting down and abandoning module KismetWidgets (487)
[2020.07.05-15.37.25:045][ 46]LogModuleManager: Shutting down and abandoning module GraphEditor (484)
[2020.07.05-15.37.25:045][ 46]LogModuleManager: Shutting down and abandoning module StructViewer (482)
[2020.07.05-15.37.25:045][ 46]LogModuleManager: Shutting down and abandoning module ClassViewer (480)
[2020.07.05-15.37.25:045][ 46]LogModuleManager: Shutting down and abandoning module Toolbox (478)
[2020.07.05-15.37.25:045][ 46]LogModuleManager: Shutting down and abandoning module DesktopPlatform (477)
[2020.07.05-15.37.25:045][ 46]LogModuleManager: Shutting down and abandoning module ModuleUI (474)
[2020.07.05-15.37.25:045][ 46]LogModuleManager: Shutting down and abandoning module MovieSceneTools (472)
[2020.07.05-15.37.25:045][ 46]LogModuleManager: Shutting down and abandoning module OutputLog (470)
[2020.07.05-15.37.25:045][ 46]LogModuleManager: Shutting down and abandoning module GammaUI (468)
[2020.07.05-15.37.25:045][ 46]LogModuleManager: Shutting down and abandoning module Documentation (466)
[2020.07.05-15.37.25:045][ 46]LogModuleManager: Shutting down and abandoning module LiveCoding (464)
[2020.07.05-15.37.25:046][ 46]LogModuleManager: Shutting down and abandoning module LevelSequence (462)
[2020.07.05-15.37.25:046][ 46]LogModuleManager: Shutting down and abandoning module MovieSceneTracks (460)
[2020.07.05-15.37.25:046][ 46]LogModuleManager: Shutting down and abandoning module MovieScene (458)
[2020.07.05-15.37.25:046][ 46]LogModuleManager: Shutting down and abandoning module StreamingPauseRendering (456)
[2020.07.05-15.37.25:046][ 46]LogModuleManager: Shutting down and abandoning module LauncherPlatform (454)
[2020.07.05-15.37.25:046][ 46]LogModuleManager: Shutting down and abandoning module AnalyticsET (452)
[2020.07.05-15.37.25:046][ 46]LogModuleManager: Shutting down and abandoning module PortalServices (450)
[2020.07.05-15.37.25:046][ 46]LogModuleManager: Shutting down and abandoning module PortalRpc (448)
[2020.07.05-15.37.25:046][ 46]LogModuleManager: Shutting down and abandoning module MessagingRpc (446)
[2020.07.05-15.37.25:046][ 46]LogModuleManager: Shutting down and abandoning module AIModule (444)
[2020.07.05-15.37.25:046][ 46]LogModuleManager: Shutting down and abandoning module GameplayDebugger (443)
[2020.07.05-15.37.25:046][ 46]LogModuleManager: Shutting down and abandoning module AITestSuite (441)
[2020.07.05-15.37.25:046][ 46]LogModuleManager: Shutting down and abandoning module NavigationSystem (439)
[2020.07.05-15.37.25:046][ 46]LogModuleManager: Shutting down and abandoning module ImageWriteQueue (436)
[2020.07.05-15.37.25:048][ 46]LogModuleManager: Shutting down and abandoning module ProfilerService (434)
[2020.07.05-15.37.25:058][ 46]LogModuleManager: Shutting down and abandoning module TaskGraph (432)
[2020.07.05-15.37.25:058][ 46]LogModuleManager: Shutting down and abandoning module PythonEditor (430)
[2020.07.05-15.37.25:058][ 46]LogModuleManager: Shutting down and abandoning module UnrealEnginePython (428)
[2020.07.05-15.37.25:058][ 46]LogPython: Goodbye Python
[2020.07.05-15.37.25:072][ 46]LogModuleManager: Shutting down and abandoning module ScreenshotTools (426)
[2020.07.05-15.37.25:072][ 46]LogModuleManager: Shutting down and abandoning module SteamVRController (424)
[2020.07.05-15.37.25:072][ 46]LogModuleManager: Shutting down and abandoning module ProceduralMeshComponentEditor (422)
[2020.07.05-15.37.25:072][ 46]LogModuleManager: Shutting down and abandoning module ProceduralMeshComponent (420)
[2020.07.05-15.37.25:072][ 46]LogModuleManager: Shutting down and abandoning module OculusEditor (418)
[2020.07.05-15.37.25:072][ 46]LogModuleManager: Shutting down and abandoning module OculusInput (416)
[2020.07.05-15.37.25:072][ 46]LogModuleManager: Shutting down and abandoning module MobilePatchingUtils (414)
[2020.07.05-15.37.25:072][ 46]LogModuleManager: Shutting down and abandoning module EditableMesh (412)
[2020.07.05-15.37.25:072][ 46]LogModuleManager: Shutting down and abandoning module CustomMeshComponent (410)
[2020.07.05-15.37.25:072][ 46]LogModuleManager: Shutting down and abandoning module CableComponent (408)
[2020.07.05-15.37.25:072][ 46]LogModuleManager: Shutting down and abandoning module AudioCapture (406)
[2020.07.05-15.37.25:072][ 46]LogModuleManager: Shutting down and abandoning module ArchVisCharacter (404)
[2020.07.05-15.37.25:072][ 46]LogModuleManager: Shutting down and abandoning module AppleImageUtilsBlueprintSupport (402)
[2020.07.05-15.37.25:072][ 46]LogModuleManager: Shutting down and abandoning module AppleImageUtils (400)
[2020.07.05-15.37.25:072][ 46]LogModuleManager: Shutting down and abandoning module AndroidPermission (398)
[2020.07.05-15.37.25:072][ 46]LogModuleManager: Shutting down and abandoning module NUTUnrealEngine4 (396)
[2020.07.05-15.37.25:072][ 46]LogModuleManager: Shutting down and abandoning module NetcodeUnitTest (394)
[2020.07.05-15.37.25:072][ 46]LogModuleManager: Shutting down and abandoning module MediaCompositing (392)
[2020.07.05-15.37.25:072][ 46]LogModuleManager: Shutting down and abandoning module ImgMedia (390)
[2020.07.05-15.37.25:072][ 46]LogModuleManager: Shutting down and abandoning module MagicLeapHelperVulkan (388)
[2020.07.05-15.37.25:072][ 46]LogModuleManager: Shutting down and abandoning module MagicLeapHelperOpenGL (386)
[2020.07.05-15.37.25:072][ 46]LogModuleManager: Shutting down and abandoning module MagicLeapAudio (384)
[2020.07.05-15.37.25:072][ 46]LogModuleManager: Shutting down and abandoning module HTML5Networking (382)
[2020.07.05-15.37.25:072][ 46]LogModuleManager: Shutting down and abandoning module GeometryCacheTracks (380)
[2020.07.05-15.37.25:072][ 46]LogModuleManager: Shutting down and abandoning module GeometryCacheSequencer (378)
[2020.07.05-15.37.25:072][ 46]LogModuleManager: Shutting down and abandoning module BackChannel (376)
[2020.07.05-15.37.25:072][ 46]LogModuleManager: Shutting down and abandoning module AutomationUtilsEditor (374)
[2020.07.05-15.37.25:072][ 46]LogModuleManager: Shutting down and abandoning module AutomationUtils (372)
[2020.07.05-15.37.25:072][ 46]LogModuleManager: Shutting down and abandoning module AlembicImporter (370)
[2020.07.05-15.37.25:073][ 46]LogModuleManager: Shutting down and abandoning module AlembicLibrary (369)
[2020.07.05-15.37.25:073][ 46]LogModuleManager: Shutting down and abandoning module GeometryCache (368)
[2020.07.05-15.37.25:073][ 46]LogModuleManager: Shutting down and abandoning module GeometryCacheEd (367)
[2020.07.05-15.37.25:073][ 46]LogModuleManager: Shutting down and abandoning module VariantManagerContent (362)
[2020.07.05-15.37.25:073][ 46]LogModuleManager: Shutting down and abandoning module DatasmithContentEditor (360)
[2020.07.05-15.37.25:073][ 46]LogModuleManager: Shutting down and abandoning module SpeedTreeImporter (358)
[2020.07.05-15.37.25:073][ 46]LogModuleManager: Shutting down and abandoning module PluginBrowser (356)
[2020.07.05-15.37.25:073][ 46]LogModuleManager: Shutting down and abandoning module MobileLauncherProfileWizard (354)
[2020.07.05-15.37.25:073][ 46]LogModuleManager: Shutting down and abandoning module MaterialAnalyzer (352)
[2020.07.05-15.37.25:073][ 46]LogModuleManager: Shutting down and abandoning module CurveEditorTools (350)
[2020.07.05-15.37.25:073][ 46]LogModuleManager: Shutting down and abandoning module CurveEditor (349)
[2020.07.05-15.37.25:073][ 46]LogModuleManager: Shutting down and abandoning module CryptoKeysOpenSSL (346)
[2020.07.05-15.37.25:073][ 46]LogModuleManager: Shutting down and abandoning module CryptoKeys (344)
[2020.07.05-15.37.25:073][ 46]LogModuleManager: Shutting down and abandoning module VisualStudioSourceCodeAccess (342)
[2020.07.05-15.37.25:073][ 46]LogModuleManager: Shutting down and abandoning module VisualStudioCodeSourceCodeAccess (340)
[2020.07.05-15.37.25:073][ 46]LogModuleManager: Shutting down and abandoning module UObjectPlugin (338)
[2020.07.05-15.37.25:073][ 46]LogModuleManager: Shutting down and abandoning module SubversionSourceControl (336)
[2020.07.05-15.37.25:073][ 46]LogModuleManager: Shutting down and abandoning module PerforceSourceControl (334)
[2020.07.05-15.37.25:073][ 46]LogModuleManager: Shutting down and abandoning module GitSourceControl (332)
[2020.07.05-15.37.25:073][ 46]LogModuleManager: Shutting down and abandoning module SourceControl (331)
[2020.07.05-15.37.25:073][ 46]LogModuleManager: Shutting down and abandoning module CLionSourceCodeAccess (328)
[2020.07.05-15.37.25:073][ 46]LogModuleManager: Shutting down and abandoning module AnimationSharingEd (326)
[2020.07.05-15.37.25:073][ 46]LogModuleManager: Shutting down and abandoning module ActorLayerUtilitiesEditor (324)
[2020.07.05-15.37.25:073][ 46]LogModuleManager: Shutting down and abandoning module ActorLayerUtilities (322)
[2020.07.05-15.37.25:073][ 46]LogModuleManager: Shutting down and abandoning module LightPropagationVolumeEditor (320)
[2020.07.05-15.37.25:073][ 46]LogModuleManager: Shutting down and abandoning module PaperTiledImporter (318)
[2020.07.05-15.37.25:073][ 46]LogModuleManager: Shutting down and abandoning module PaperSpriteSheetImporter (316)
[2020.07.05-15.37.25:073][ 46]LogModuleManager: Shutting down and abandoning module Paper2DEditor (314)
[2020.07.05-15.37.25:073][ 46]LogModuleManager: Shutting down and abandoning module PythonConsole (310)
[2020.07.05-15.37.25:073][ 46]LogModuleManager: Shutting down and abandoning module SignificanceManager (308)
[2020.07.05-15.37.25:073][ 46]LogModuleManager: Shutting down and abandoning module RuntimePhysXCooking (306)
[2020.07.05-15.37.25:073][ 46]LogModuleManager: Shutting down and abandoning module PhysXVehiclesEditor (304)
[2020.07.05-15.37.25:073][ 46]LogModuleManager: Shutting down and abandoning module LocationServicesBPLibrary (300)
[2020.07.05-15.37.25:073][ 46]LogModuleManager: Shutting down and abandoning module ActorSequence (298)
[2020.07.05-15.37.25:073][ 46]LogModuleManager: Shutting down and abandoning module UdpMessaging (296)
[2020.07.05-15.37.25:174][ 46]LogModuleManager: Shutting down and abandoning module TcpMessaging (294)
[2020.07.05-15.37.25:275][ 46]LogModuleManager: Shutting down and abandoning module MagicLeapIdentity (292)
[2020.07.05-15.37.25:275][ 46]LogModuleManager: Shutting down and abandoning module MagicLeapSecureStorage (290)
[2020.07.05-15.37.25:275][ 46]LogModuleManager: Shutting down and abandoning module MagicLeapHandTracking (288)
[2020.07.05-15.37.25:275][ 46]LogModuleManager: Shutting down and abandoning module MagicLeapEyeTracker (286)
[2020.07.05-15.37.25:275][ 46]LogModuleManager: Shutting down and abandoning module MagicLeapController (284)
[2020.07.05-15.37.25:275][ 46]LogSlate: Slate User Destroyed.  User Index 0, Is Virtual User: 0
[2020.07.05-15.37.25:275][ 46]LogModuleManager: Shutting down and abandoning module MagicLeapAR (282)
[2020.07.05-15.37.25:275][ 46]LogModuleManager: Shutting down and abandoning module AugmentedReality (281)
[2020.07.05-15.37.25:275][ 46]LogModuleManager: Shutting down and abandoning module GameplayTagsEditor (278)
[2020.07.05-15.37.25:275][ 46]LogModuleManager: Shutting down and abandoning module FacialAnimationEditor (276)
[2020.07.05-15.37.25:275][ 46]LogModuleManager: Shutting down and abandoning module FacialAnimation (274)
[2020.07.05-15.37.25:275][ 46]LogModuleManager: Shutting down and abandoning module DataValidation (272)
[2020.07.05-15.37.25:275][ 46]LogModuleManager: Shutting down and abandoning module AssetManagerEditor (270)
[2020.07.05-15.37.25:275][ 46]LogModuleManager: Shutting down and abandoning module LevelEditor (269)
[2020.07.05-15.37.25:276][ 46]LogModuleManager: Shutting down and abandoning module PixelInspectorModule (268)
[2020.07.05-15.37.25:276][ 46]LogModuleManager: Shutting down and abandoning module CommonMenuExtensions (266)
[2020.07.05-15.37.25:276][ 46]LogModuleManager: Shutting down and abandoning module MainFrame (264)
[2020.07.05-15.37.25:276][ 46]LogModuleManager: Shutting down and abandoning module HotReload (263)
[2020.07.05-15.37.25:276][ 46]LogModuleManager: Shutting down and abandoning module ContentBrowser (259)
[2020.07.05-15.37.25:277][ 46]LogModuleManager: Shutting down and abandoning module TreeMap (257)
[2020.07.05-15.37.25:277][ 46]LogModuleManager: Shutting down and abandoning module AnimationSharing (254)
[2020.07.05-15.37.25:277][ 46]LogModuleManager: Shutting down and abandoning module LightPropagationVolumeRuntime (252)
[2020.07.05-15.37.25:277][ 46]LogModuleManager: Shutting down and abandoning module Paper2D (250)
[2020.07.05-15.37.25:277][ 46]LogModuleManager: Shutting down and abandoning module WindowsMoviePlayer (248)
[2020.07.05-15.37.25:277][ 46]LogModuleManager: Shutting down and abandoning module WebMMoviePlayer (246)
[2020.07.05-15.37.25:277][ 46]LogModuleManager: Shutting down and abandoning module NetworkReplayStreaming (244)
[2020.07.05-15.37.25:277][ 46]LogModuleManager: Shutting down and abandoning module PacketHandler (242)
[2020.07.05-15.37.25:277][ 46]LogModuleManager: Shutting down and abandoning module ClothingSystemEditor (240)
[2020.07.05-15.37.25:277][ 46]LogModuleManager: Shutting down and abandoning module ClothingSystemRuntime (238)
[2020.07.05-15.37.25:277][ 46]LogModuleManager: Shutting down and abandoning module MediaAssets (236)
[2020.07.05-15.37.25:277][ 46]LogModuleManager: Shutting down and abandoning module Overlay (234)
[2020.07.05-15.37.25:277][ 46]LogModuleManager: Shutting down and abandoning module OverlayEditor (233)
[2020.07.05-15.37.25:277][ 46]LogModuleManager: Shutting down and abandoning module VREditor (230)
[2020.07.05-15.37.25:277][ 46]LogModuleManager: Shutting down and abandoning module StringTableEditor (228)
[2020.07.05-15.37.25:277][ 46]LogModuleManager: Shutting down and abandoning module GameplayTasksEditor (226)
[2020.07.05-15.37.25:277][ 46]LogModuleManager: Shutting down and abandoning module BehaviorTreeEditor (224)
[2020.07.05-15.37.25:277][ 46]LogModuleManager: Shutting down and abandoning module FunctionalTesting (222)
[2020.07.05-15.37.25:277][ 46]LogModuleManager: Shutting down and abandoning module CollisionAnalyzer (220)
[2020.07.05-15.37.25:277][ 46]LogModuleManager: Shutting down and abandoning module WorkspaceMenuStructure (219)
[2020.07.05-15.37.25:277][ 46]LogModuleManager: Shutting down and abandoning module UMG (216)
[2020.07.05-15.37.25:277][ 46]LogModuleManager: Shutting down and abandoning module UMGEditor (215)
[2020.07.05-15.37.25:277][ 46]LogModuleManager: Shutting down and abandoning module Sequencer (214)
[2020.07.05-15.37.25:277][ 46]LogModuleManager: Shutting down and abandoning module MessageLog (211)
[2020.07.05-15.37.25:277][ 46]LogModuleManager: Shutting down and abandoning module SlateReflector (206)
[2020.07.05-15.37.25:277][ 46]LogModuleManager: Shutting down and abandoning module Slate (204)
[2020.07.05-15.37.25:277][ 46]LogModuleManager: Shutting down and abandoning module LandscapeEditorUtilities (202)
[2020.07.05-15.37.25:277][ 46]LogModuleManager: Shutting down and abandoning module EditorStyle (200)
[2020.07.05-15.37.25:278][ 46]LogModuleManager: Shutting down and abandoning module UnrealEd (198)
[2020.07.05-15.37.25:279][ 46]LogModuleManager: Shutting down and abandoning module MRMesh (196)
[2020.07.05-15.37.25:279][ 46]LogModuleManager: Shutting down and abandoning module SourceCodeAccess (194)
[2020.07.05-15.37.25:279][ 46]LogModuleManager: Shutting down and abandoning module HeadMountedDisplay (192)
[2020.07.05-15.37.25:279][ 46]LogModuleManager: Shutting down and abandoning module XAudio2 (190)
[2020.07.05-15.37.25:279][ 46]LogModuleManager: Shutting down and abandoning module Networking (188)
[2020.07.05-15.37.25:279][ 46]LogModuleManager: Shutting down and abandoning module Core (186)
[2020.07.05-15.37.25:279][ 46]LogModuleManager: Shutting down and abandoning module KismetCompiler (184)
[2020.07.05-15.37.25:279][ 46]LogModuleManager: Shutting down and abandoning module MeshUtilities (182)
[2020.07.05-15.37.25:279][ 46]LogModuleManager: Shutting down and abandoning module MeshMergeUtilities (181)
[2020.07.05-15.37.25:279][ 46]LogModuleManager: Shutting down and abandoning module MeshReductionInterface (180)
[2020.07.05-15.37.25:279][ 46]LogModuleManager: Shutting down and abandoning module SkeletalMeshReduction (179)
[2020.07.05-15.37.25:279][ 46]LogModuleManager: Shutting down and abandoning module ProxyLODMeshReduction (177)
[2020.07.05-15.37.25:279][ 46]LogModuleManager: Shutting down and abandoning module QuadricMeshReduction (175)
[2020.07.05-15.37.25:279][ 46]LogModuleManager: Shutting down and abandoning module MaterialBaking (171)
[2020.07.05-15.37.25:279][ 46]LogModuleManager: Shutting down and abandoning module NullInstallBundleManager (166)
[2020.07.05-15.37.25:279][ 46]LogModuleManager: Shutting down and abandoning module DerivedDataCache (164)
[2020.07.05-15.37.25:377][ 46]LogDerivedDataCache: Shutdown
[2020.07.05-15.37.25:377][ 46]LogModuleManager: Shutting down and abandoning module XGEController (162)
[2020.07.05-15.37.25:377][ 46]LogModuleManager: Shutting down and abandoning module TargetPlatform (160)
[2020.07.05-15.37.25:377][ 46]LogModuleManager: Shutting down and abandoning module VulkanShaderFormat (159)
[2020.07.05-15.37.25:377][ 46]LogModuleManager: Shutting down and abandoning module ShaderFormatVectorVM (157)
[2020.07.05-15.37.25:377][ 46]LogModuleManager: Shutting down and abandoning module ShaderFormatOpenGL (155)
[2020.07.05-15.37.25:377][ 46]LogModuleManager: Shutting down and abandoning module ShaderFormatD3D (153)
[2020.07.05-15.37.25:377][ 46]LogModuleManager: Shutting down and abandoning module MetalShaderFormat (151)
[2020.07.05-15.37.25:377][ 46]LogModuleManager: Shutting down and abandoning module TextureFormatUncompressed (149)
[2020.07.05-15.37.25:377][ 46]LogModuleManager: Shutting down and abandoning module TextureFormatPVR (147)
[2020.07.05-15.37.25:378][ 46]LogModuleManager: Shutting down and abandoning module TextureFormatDXT (145)
[2020.07.05-15.37.25:378][ 46]LogModuleManager: Shutting down and abandoning module TextureFormatIntelISPCTexComp (143)
[2020.07.05-15.37.25:378][ 46]LogModuleManager: Shutting down and abandoning module TextureFormatASTC (141)
[2020.07.05-15.37.25:378][ 46]LogModuleManager: Shutting down and abandoning module ImageWrapper (140)
[2020.07.05-15.37.25:378][ 46]LogModuleManager: Shutting down and abandoning module TextureFormatAndroid (137)
[2020.07.05-15.37.25:378][ 46]LogModuleManager: Shutting down and abandoning module AudioFormatOpus (135)
[2020.07.05-15.37.25:378][ 46]LogModuleManager: Shutting down and abandoning module AudioFormatOgg (133)
[2020.07.05-15.37.25:378][ 46]LogModuleManager: Shutting down and abandoning module AudioFormatADPCM (131)
[2020.07.05-15.37.25:378][ 46]LogModuleManager: Shutting down and abandoning module LuminTargetPlatform (129)
[2020.07.05-15.37.25:378][ 46]LogModuleManager: Shutting down and abandoning module LinuxTargetPlatform (127)
[2020.07.05-15.37.25:378][ 46]LogModuleManager: Shutting down and abandoning module LinuxServerTargetPlatform (125)
[2020.07.05-15.37.25:378][ 46]LogModuleManager: Shutting down and abandoning module LinuxNoEditorTargetPlatform (123)
[2020.07.05-15.37.25:378][ 46]LogModuleManager: Shutting down and abandoning module LinuxClientTargetPlatform (121)
[2020.07.05-15.37.25:378][ 46]LogModuleManager: Shutting down and abandoning module TVOSTargetPlatform (119)
[2020.07.05-15.37.25:379][ 46]LogModuleManager: Shutting down and abandoning module Messaging (117)
[2020.07.05-15.37.25:379][ 46]LogModuleManager: Shutting down and abandoning module IOSTargetPlatform (115)
[2020.07.05-15.37.25:380][ 46]LogModuleManager: Shutting down and abandoning module HTML5TargetPlatform (113)
[2020.07.05-15.37.25:380][ 46]LogModuleManager: Shutting down and abandoning module AndroidTargetPlatform (111)
[2020.07.05-15.37.25:387][ 46]LogModuleManager: Shutting down and abandoning module WindowsTargetPlatform (109)
[2020.07.05-15.37.25:387][ 46]LogModuleManager: Shutting down and abandoning module WindowsServerTargetPlatform (107)
[2020.07.05-15.37.25:387][ 46]LogModuleManager: Shutting down and abandoning module WindowsNoEditorTargetPlatform (105)
[2020.07.05-15.37.25:387][ 46]LogModuleManager: Shutting down and abandoning module WindowsClientTargetPlatform (103)
[2020.07.05-15.37.25:387][ 46]LogModuleManager: Shutting down and abandoning module MacTargetPlatform (101)
[2020.07.05-15.37.25:387][ 46]LogModuleManager: Shutting down and abandoning module MacServerTargetPlatform (99)
[2020.07.05-15.37.25:387][ 46]LogModuleManager: Shutting down and abandoning module MacNoEditorTargetPlatform (97)
[2020.07.05-15.37.25:387][ 46]LogModuleManager: Shutting down and abandoning module MacClientTargetPlatform (95)
[2020.07.05-15.37.25:387][ 46]LogModuleManager: Shutting down and abandoning module AllDesktopTargetPlatform (93)
[2020.07.05-15.37.25:387][ 46]LogModuleManager: Shutting down and abandoning module InputCore (90)
[2020.07.05-15.37.25:387][ 46]LogModuleManager: Shutting down and abandoning module Settings (88)
[2020.07.05-15.37.25:387][ 46]LogModuleManager: Shutting down and abandoning module DirectoryWatcher (86)
[2020.07.05-15.37.25:388][ 46]LogModuleManager: Shutting down and abandoning module PhysXCooking (84)
[2020.07.05-15.37.25:388][ 46]LogModuleManager: Shutting down and abandoning module WindowsPlatformFeatures (82)
[2020.07.05-15.37.25:388][ 46]LogModuleManager: Shutting down and abandoning module GameplayMediaEncoder (81)
[2020.07.05-15.37.25:388][ 46]LogModuleManager: Shutting down and abandoning module SteamVR (78)
[2020.07.05-15.37.25:388][ 46]LogHMD: Freeing OpenVRDLLHandle.
[2020.07.05-15.37.25:388][ 46]LogModuleManager: Shutting down and abandoning module OculusHMD (76)
[2020.07.05-15.37.25:388][ 46]LogModuleManager: Shutting down and abandoning module ExampleDeviceProfileSelector (74)
[2020.07.05-15.37.25:388][ 46]LogModuleManager: Shutting down and abandoning module LauncherChunkInstaller (72)
[2020.07.05-15.37.25:388][ 46]LogModuleManager: Shutting down and abandoning module OnlineBlueprintSupport (70)
[2020.07.05-15.37.25:388][ 46]LogModuleManager: Shutting down and abandoning module OnlineSubsystem (66)
[2020.07.05-15.37.25:389][ 46]LogModuleManager: Shutting down and abandoning module XMPP (61)
[2020.07.05-15.37.25:389][ 46]LogModuleManager: Shutting down and abandoning module WebSockets (60)
[2020.07.05-15.37.25:418][ 46]LogModuleManager: Shutting down and abandoning module HTTP (57)
[2020.07.05-15.37.25:418][ 46]LogHttp: Display: Http module shutting down, but needs to wait on 1 outstanding Http requests:
[2020.07.05-15.37.25:418][ 46]LogHttp: Display: 	verb=[POST] url=[https://datarouter.ol.epicgames.com/datarouter/api/v1/public/data?SessionID=%7BEC700853-4692-26A8-4576-0DA25643A9C1%7D&AppID=UEEditor.Rocket.Release&AppVersion=4.23.1-9631420%2B%2B%2BUE4%2BRelease-4.23&UserID=f3d67575469221556f5e2fa832cfae15%7Ce5a61c28b7ca4d9ca8e4685016a3280f%7C0965dff6-4eb1-4754-af9c-586742323196&AppEnvironment=datacollector-binary&UploadType=eteventstream] status=Processing
[2020.07.05-15.37.25:438][ 46]LogModuleManager: Shutting down and abandoning module SSL (56)
[2020.07.05-15.37.25:439][ 46]LogModuleManager: Shutting down and abandoning module WmfMedia (52)
[2020.07.05-15.37.25:440][ 46]LogModuleManager: Shutting down and abandoning module Media (51)
[2020.07.05-15.37.25:441][ 46]LogModuleManager: Shutting down and abandoning module MagicLeap (48)
[2020.07.05-15.37.25:441][ 46]LogModuleManager: Shutting down and abandoning module DatasmithContent (46)
[2020.07.05-15.37.25:441][ 46]LogModuleManager: Shutting down and abandoning module AISupportModule (44)
[2020.07.05-15.37.25:441][ 46]LogModuleManager: Shutting down and abandoning module PlatformCryptoOpenSSL (42)
[2020.07.05-15.37.25:441][ 46]LogModuleManager: Shutting down and abandoning module PlatformCrypto (40)
[2020.07.05-15.37.25:441][ 46]LogModuleManager: Shutting down and abandoning module AnimationModifiers (38)
[2020.07.05-15.37.25:441][ 46]LogModuleManager: Shutting down and abandoning module PropertyEditor (37)
[2020.07.05-15.37.25:441][ 46]LogModuleManager: Shutting down and abandoning module AudioEditor (34)
[2020.07.05-15.37.25:441][ 46]LogModuleManager: Shutting down and abandoning module TextureCompressor (32)
[2020.07.05-15.37.25:441][ 46]LogModuleManager: Shutting down and abandoning module RenderCore (30)
[2020.07.05-15.37.25:441][ 46]LogModuleManager: Shutting down and abandoning module Landscape (28)
[2020.07.05-15.37.25:441][ 46]LogModuleManager: Shutting down and abandoning module SlateRHIRenderer (26)
[2020.07.05-15.37.25:442][ 46]LogModuleManager: Shutting down and abandoning module OpenGLDrv (24)
[2020.07.05-15.37.25:442][ 46]LogModuleManager: Shutting down and abandoning module D3D11RHI (22)
[2020.07.05-15.37.25:442][ 46]LogModuleManager: Shutting down and abandoning module AnimGraphRuntime (20)
[2020.07.05-15.37.25:442][ 46]LogModuleManager: Shutting down and abandoning module Renderer (18)
[2020.07.05-15.37.25:443][ 46]LogModuleManager: Shutting down and abandoning module Engine (16)
[2020.07.05-15.37.25:443][ 46]LogModuleManager: Shutting down and abandoning module CoreUObject (14)
[2020.07.05-15.37.25:443][ 46]LogModuleManager: Shutting down and abandoning module NetworkFile (12)
[2020.07.05-15.37.25:443][ 46]LogModuleManager: Shutting down and abandoning module CookedIterativeFile (10)
[2020.07.05-15.37.25:443][ 46]LogModuleManager: Shutting down and abandoning module StreamingFile (8)
[2020.07.05-15.37.25:443][ 46]LogModuleManager: Shutting down and abandoning module SandboxFile (6)
[2020.07.05-15.37.25:443][ 46]LogModuleManager: Shutting down and abandoning module PakFile (4)
[2020.07.05-15.37.25:443][ 46]LogModuleManager: Shutting down and abandoning module RSA (3)
[2020.07.05-15.37.25:443][ 46]LogD3D11RHI: Shutdown
[2020.07.05-15.37.25:443][ 46]LogD3D11RHI: CleanupD3DDevice
[2020.07.05-15.37.25:443][ 46]LogRendererCore: FGlobalDynamicReadBuffer::Cleanup()
[2020.07.05-15.37.25:443][ 46]LogRendererCore: FGlobalDynamicReadBuffer::Cleanup()
[2020.07.05-15.37.25:443][ 46]LogRendererCore: FGlobalDynamicReadBuffer::Cleanup()
[2020.07.05-15.37.25:444][ 46]LogD3D11RHI: ~FD3D11DynamicRHI
[2020.07.05-15.37.25:455][ 46]LogExit: Exiting.
[2020.07.05-15.37.25:469][ 46]Log file closed, 07/05/20 18:37:25
